SubjectID,RecoveryTime_days,ComplicationSeverity,InfectionProb,ComplicationType,pseudo_cluster
3387.0,6.830595838518003,2.211687062927407,0.088073567735754,3,1
484.0,8.146233742984748,2.4872622163561102,0.0729370493400192,2,0
3355.0,6.367035168577858,2.23662902852473,0.0789704683672435,2,0
2963.0,11.428799031244438,3.5693031037869347,0.24137020834995698,3,2
3018.0,6.716282055650507,2.835755383083323,0.10007475028010578,3,0
3674.0,6.282918218239189,2.961973442131121,0.020996325738402054,2,0
3305.0,6.263254912647584,2.277158508118086,0.1401420704064231,2,0
289.0,7.573923043315324,2.7271359557069195,0.07197187388800838,2,0
513.0,6.337365192888962,3.2861005068412332,0.04252569873944957,2,1
1328.0,7.065371841072897,2.6163232774180885,0.09519785923929966,3,1
3687.0,6.540449087017021,3.1872195387665156,0.13532017755502468,2,1
3000.0,10.993940001486756,3.474445726352871,0.25004898014231663,3,2
262.0,6.445664215376071,3.838031380506549,0.08369739026315447,2,1
2847.0,4.94300353984452,1.948615387855218,0.09742120152896491,3,1
2251.0,8.517538007133398,3.3613122512300033,0.06815574696996768,1,0
919.0,4.565576628997847,2.2366020781968547,0.03809482535269795,1,1
4959.0,6.782109249831172,2.515014424790209,0.03629246920708084,2,0
768.0,5.021348215255122,2.544919415217354,0.08462093466326213,2,1
2795.0,5.664673748522608,1.7349725303002903,0.036586065475690085,1,1
2687.0,7.02523977231757,2.7118457645101985,0.13125268579717522,1,0
724.0,11.939896142498393,3.6220101400897855,0.2591965263264481,3,2
774.0,11.433338540364044,3.6317129534784818,0.255443434270587,3,2
2802.0,6.323845084249951,2.8719814979916545,0.08038793790221198,2,1
3626.0,4.8316603442495145,2.0653938117385393,0.08805749934265213,2,1
3486.0,7.862675500242363,2.442303612313483,0.0448718635192666,3,0
840.0,7.491444972194572,2.9949971555892216,0.014281998753510834,1,1
4268.0,6.1861594924897645,2.6939305298900047,0.09978001937752994,3,0
2949.0,5.283451837110531,2.7501201112454865,0.02852188725725123,2,1
3817.0,11.33954276850581,4.747945999087444,0.2340070712787123,2,2
1621.0,6.630434169803464,3.2249591898166905,0.01943417647071323,3,1
3425.0,7.03342259172015,1.8586299468059289,0.09404419760472592,3,0
972.0,6.437354458546333,3.130328707220801,0.09830900864207175,2,1
4970.0,6.439595018907798,2.1259124204990294,0.0431489201928787,3,0
2973.0,4.253340952910647,2.20346357257271,0.03960571933438202,3,1
3029.0,11.223641806095937,3.9408925958632453,0.26737280260464025,2,2
885.0,6.63216316476308,2.037385529467251,0.037461629174836815,1,1
3404.0,8.549417831316644,2.9847968402392477,0.011802527070271724,3,0
4235.0,11.79448173029665,3.7008586731208992,0.22575299072409008,3,2
163.0,12.202106658235829,3.1871782048974384,0.2815862242959882,3,2
486.0,7.467667122023859,3.689769651268435,0.04716333702160765,1,1
2001.0,10.485972001629197,3.5830902995568192,0.29893510236231013,3,2
2561.0,13.019705178395007,3.8791051178543343,0.3434020946052412,2,2
174.0,6.765072598080369,2.6985884300690457,0.045188130072040186,3,1
1093.0,6.94411589396868,2.6593083603237844,0.020929749524882506,1,1
3799.0,6.322879476979384,3.2143734634913326,0.016105419694114134,3,0
4451.0,6.845925975585322,2.0848230444105726,0.006093319556049186,3,0
4349.0,6.307455371152534,2.558700967381627,0.04614208230066268,3,0
1514.0,11.163860713547749,3.422307035482035,0.28103736426334025,3,2
2674.0,6.594097646001257,2.7451063299493894,0.014621236967606217,2,1
787.0,5.231003068455004,2.397798796332034,0.11695039669634348,2,1
466.0,5.982244366954805,2.3833342756794327,0.15738483058754604,2,0
1625.0,7.392584311527574,2.4834200240401287,0.013142976289074869,3,0
1072.0,11.432670919536978,3.846347851749769,0.2069766229651974,2,2
1904.0,7.002575460833385,2.069377675070628,0.018010689839345437,2,0
4106.0,13.459679036480422,4.354278022250192,0.2460144122116669,3,2
764.0,8.448315463442293,2.844840849901066,0.045298824057189886,1,0
2221.0,6.306143309670044,2.7423814225331706,0.012037485162419051,1,0
3160.0,6.94513235347531,2.6927664385379986,0.15993677240652773,2,1
1053.0,8.010228947949782,3.4291381526985685,0.06412283298307377,2,1
3650.0,7.4243541382899245,2.951821086463409,0.07927284840865799,2,0
858.0,5.962321301767412,2.7102213692635497,0.12918080667303888,2,0
2011.0,8.183877132056923,2.271576943304802,0.011197214637998599,2,0
2516.0,7.688289155477309,3.3992770352447637,0.07758508113796153,3,0
2350.0,13.374344883152121,4.130245213047275,0.2873547980346111,3,2
2650.0,11.10942286427939,3.8705459675348832,0.2616442193350156,3,2
643.0,6.2511954167245305,2.0787822653918293,0.0792433879717521,3,1
2547.0,8.027925843669735,3.0177982897802607,0.060586648693629806,2,0
2524.0,5.0902476953896905,2.0157296621297913,0.07620085867415491,2,1
3509.0,4.6592437758865115,2.0777972072673787,0.09161772838677446,3,1
3693.0,6.092517801681115,2.7380066491933865,0.11887139789839266,2,0
84.0,6.555974957109902,3.2956848962421437,0.045941831448567,3,1
1490.0,5.8017081272257105,1.9314960806249297,0.13636863925157341,3,1
2152.0,5.328894150077873,2.489272130312029,0.07552459865786457,3,1
4804.0,6.2579813643277955,2.263217284193546,0.2270253013725903,0,0
4700.0,11.525012480964902,4.627350740087995,0.23200544894272151,2,2
1972.0,7.6869239923943775,2.981920404347103,0.0818427633785271,3,0
2471.0,7.236614234767117,2.351693591063307,0.014063287547420733,2,0
4087.0,7.09572511663279,2.638965869046256,0.047599219385520024,3,1
1033.0,6.089950585035837,2.2577825715990176,0.017191306657000763,2,0
1112.0,5.3103785658515665,2.654098439660194,0.08668562688435072,2,1
3740.0,7.620129079429602,2.0244497685176643,0.1244927976968414,2,0
2593.0,5.295084862999076,3.1798507682397132,0.07310121030731631,2,1
1097.0,6.733458958835541,2.3418343100224788,0.12502570005073083,2,1
3214.0,6.102508583402291,1.7447619879338696,0.10107811981810838,2,1
90.0,5.206668460677343,2.0687706911963133,0.023039186010562297,3,0
1791.0,12.432226270981428,4.015780596032932,0.24533930693177738,3,2
4727.0,8.212929207538615,2.7263450924036188,0.03683286102818572,3,0
4887.0,5.697074876436945,3.1167170347283166,0.055027309030941024,1,1
3237.0,6.311125059313317,2.9584308127990635,0.010434455251800565,2,0
3684.0,7.568634919115581,2.528871851061588,0.03658723440590313,2,1
2778.0,10.027884876029843,3.784014929135468,0.24463372428981897,3,2
3453.0,7.1454666731980065,2.2753030434352906,0.04796879097114797,2,1
4157.0,6.284966974538868,2.469809594228223,0.016293856435315206,2,0
4670.0,5.691871621559121,2.790120899822196,0.02509151596333357,1,1
1301.0,7.3233791153116465,2.882859554501287,0.01616413930533566,3,0
669.0,6.371069564737158,3.107699109231613,0.027762003278388105,3,1
4109.0,5.182197034583824,2.787650738464212,0.050521948322444075,2,0
2620.0,5.953488216524121,2.3180602860857293,0.03316865715996027,2,1
2464.0,12.37279498282589,4.075343141608465,0.21630752445434953,3,2
2009.0,6.430164820189269,3.228963472875464,0.07517297013174214,3,0
1592.0,7.556158479282809,3.885040364034003,0.06394051545381942,2,1
4596.0,11.227333760568543,4.409950992864191,0.24270762795405892,3,2
2455.0,7.522574534232359,2.4175287684710742,0.055401328362911874,3,0
3726.0,7.544196589079338,2.484845177949013,0.11321708641679996,1,1
1920.0,6.021608814111479,2.549130644160141,0.12619122724815512,2,0
1466.0,6.4498181467228335,2.0628434178354906,0.10358826641857664,3,0
4048.0,5.871225320173715,1.9660658410344127,0.10871127080720767,3,1
1790.0,11.882583773667793,4.315321335804988,0.23358427118020444,3,2
3491.0,9.603476127532044,3.2821610303069653,0.2254109836845076,2,2
291.0,6.114217105627143,2.467075995765686,0.06288874277543519,2,0
1489.0,5.17779117249739,3.004400218880546,0.0865922822685352,2,1
3095.0,6.662688923468609,2.8136811475494805,0.05129338789469502,2,0
4308.0,7.683692635463357,2.967002418867507,0.11646393125554662,2,1
3637.0,6.8299931938210365,3.4705486259809653,0.014706777139446384,2,0
2719.0,6.531387222781372,2.6392875280395818,0.021042219842993034,2,0
2662.0,5.416083991629367,2.856196260428265,0.046824519364448154,3,0
4077.0,11.719138160324794,4.342555409620079,0.23146953932564013,3,2
742.0,13.557192373084762,3.7518704305986246,0.2700303590303977,2,2
3188.0,5.485650999316915,2.5250943176000846,0.006296631457611561,3,1
1398.0,4.9304100259614785,2.2681081862468693,0.05494275805618757,2,1
1801.0,6.625285011856844,2.8975515383783335,0.06946361862993493,3,1
4662.0,5.361203679442728,2.335103017451941,0.17689806331901758,3,0
2861.0,5.677773627781877,2.5568700127759767,0.042373691204391564,3,1
2390.0,7.070060799408698,2.9754262848737234,0.04164913094555275,3,0
2845.0,4.819917520210376,2.429587511450311,0.05868415629917107,2,0
2954.0,7.372145321049522,2.878814602278136,0.13774931573797733,3,0
3874.0,5.215534700137376,1.9516698916564867,0.028807716192436716,0,1
1017.0,6.964194253254609,2.8483709716484484,0.025613564796965825,3,0
1845.0,8.676488641207735,3.3565595825440147,0.02289992527509534,1,1
1132.0,4.617307235723259,2.6419405443057005,0.009287888240719853,2,0
4553.0,6.330289747674951,2.9593422212389027,0.074654295628286,2,1
1530.0,6.558268880908693,2.4613995282925303,0.04491919427930042,3,1
2136.0,7.268137259054974,2.7897627572398744,0.10361847437971204,2,1
1388.0,6.080993409676475,2.835505136643438,0.14629697824116927,2,1
1163.0,6.902660274901774,2.8292088737144137,0.015085319079796253,1,0
3173.0,7.4186649582321955,2.992273694910983,0.059945700876757844,1,0
3452.0,12.087430298990764,4.034455278314235,0.3055508411831607,3,2
4798.0,6.028939759263097,3.038073343481585,0.14590454539005718,2,1
3322.0,5.749242585709035,2.45137420958156,0.042640131613104544,3,0
938.0,7.348231586666872,3.314620996507892,0.0009528265523817888,2,1
833.0,5.61764881387778,2.474304382224878,0.07784093046250991,3,1
2627.0,4.87873851161054,2.3297759802310507,0.07345713630638569,3,1
4072.0,6.054034125812434,2.0122098995637567,0.0646298325954551,2,1
3450.0,5.797048223563713,2.2321266827394357,0.051306494927886526,1,0
671.0,6.167660407943644,2.8638270787121396,0.08378672559453318,3,1
4665.0,5.739522411649452,2.4315792932429687,0.0510795811817209,3,0
520.0,4.7915449935963,1.880970478961363,0.19083764351653326,2,1
1543.0,5.682175834143697,1.9132951832210694,0.04813049128393603,2,1
4041.0,7.527548887095104,3.1564565949871026,0.0027987374987700356,3,1
3138.0,12.88932768758946,3.7382928956747126,0.22050070426441806,3,2
4939.0,5.7115180264173455,1.704606817914327,0.02284201503465116,2,0
3131.0,7.566814905414882,3.671928499959618,0.06629298336197066,2,1
2965.0,8.094399084559786,2.666904776751518,0.021838405160495077,3,0
1771.0,4.057002592497373,1.9712389645427375,0.03340976001063275,2,1
1657.0,7.264093145630897,2.5450659124670603,0.046600497465708234,0,1
1569.0,5.704269941233401,1.9028742615000638,0.022456893801169876,3,0
3787.0,11.728329607241918,4.060758188069589,0.23044325894290188,3,2
1852.0,7.170230624248918,2.3148353693704284,0.053869656434433554,3,1
533.0,6.594035191776127,2.5363001672183065,0.04966755545093315,3,1
1894.0,6.941086430859753,2.506067384413061,0.03296142449062986,3,1
1663.0,7.261421307358018,3.0566921020574145,0.053353960272439035,3,0
3263.0,8.041567801139369,2.547986941684057,0.01954369333350797,3,0
725.0,10.386700338937425,3.7556522222482975,0.2994691082861205,3,2
4722.0,4.982507854591057,2.3664995848332917,0.1281526580207884,3,0
3302.0,7.743456805907446,3.1827430578614258,0.08357315893000251,2,1
2896.0,6.4771268216335125,2.183083027635103,0.11993160519265121,2,0
193.0,12.50410561750535,4.770155807495538,0.25148342697155257,2,2
4989.0,4.325003170956451,2.299704015504735,0.02586220397049652,0,1
2437.0,7.653355001196088,2.420790514131871,0.07076170213655605,1,0
1888.0,6.08439687518083,2.1965755078995977,0.020954295803323298,3,1
2513.0,5.9703457751248115,2.3761670974343563,0.06711373800914662,3,0
1124.0,7.490782316001135,2.439711748880585,0.042271211733560486,3,0
4047.0,6.9110634272234295,2.1889643438685438,0.03486911490089557,3,1
300.0,5.055383548216637,2.052834298501336,0.09898572642642578,3,1
2831.0,4.919841471252516,2.6607246132182345,0.036716197372363264,1,0
50.0,6.142691550046744,2.8795063189394825,0.08211917316331524,1,0
3858.0,5.022804758004769,2.1365717336056864,0.008075856935339729,0,1
762.0,8.505366049412206,2.6339185639784772,0.07016109837051271,2,0
3667.0,5.883949249171158,2.5875280563169247,0.04753863545174166,2,1
2708.0,4.077938782536876,2.893785962673077,0.05549968887375919,1,0
4436.0,5.572968740635287,1.8475988710716313,0.015341733345981297,3,0
2284.0,7.550755286181505,1.8238874693887497,0.011053298983841098,3,1
3706.0,5.2743520262219175,2.472305305013534,0.018320861665354266,3,0
1494.0,6.236982045985688,2.7480703800381705,0.010690937077646052,3,1
110.0,12.196956454770618,4.402623943821936,0.20862864750394688,3,2
3255.0,13.918505220935312,3.246951064023756,0.24655268001070474,3,2
2853.0,12.82999390022071,4.3158585268337895,0.2279315719255431,3,2
3879.0,7.551875800603499,2.4249219763003365,0.09684803170030114,3,1
2277.0,6.976025002142456,2.2594246370036486,0.016743190473982674,3,0
4984.0,5.962993362436253,1.5100048676700935,0.085063797061182,2,0
540.0,6.14411436136602,2.0436820976001546,0.04760252244921482,1,1
1468.0,6.429069891334993,1.6438535661072189,0.06790440131830494,3,1
4492.0,5.168053224850198,2.111817865700501,0.027833629551908257,3,1
3673.0,8.486294674610754,2.2000569770303935,0.0477533650513213,2,0
2404.0,4.832608107276249,2.1026521706013956,0.07681084355809484,2,1
2754.0,5.0308659818818935,2.470718914216861,0.04119627493606483,2,1
4923.0,4.938005704010663,2.538493293194719,0.10700695833778054,3,1
707.0,6.957261290011923,2.7654895909657613,0.1106060539461558,0,0
2387.0,6.468301311746849,2.5507833032992377,0.012720137317195209,2,0
3308.0,11.406167130292946,3.4897261147075778,0.2473161249320657,2,2
1065.0,5.897194090455011,1.9569750860846726,0.06935774785845367,2,1
1453.0,4.634239070839158,3.1072998714744515,0.05577529927227706,1,0
1950.0,10.922799067473925,3.4857505439144965,0.2597853827734175,3,2
4126.0,6.594501482961469,2.6153191289919215,0.05617937832323702,3,0
3956.0,7.467253615539965,2.569836790504182,0.02730253932909872,2,0
1118.0,5.8757183489196185,1.9121747926454247,0.013296085373735236,3,0
3487.0,4.974477404700725,2.3376467442880573,0.04023235925424109,3,0
1951.0,6.938201370802118,2.9498269476747545,0.042881419506899845,3,1
2604.0,5.768530952461603,2.7746671067458544,0.06657140033372827,3,1
826.0,6.992474892745804,3.749493455468053,0.021487857813094764,1,1
1056.0,6.051709561326533,2.130611653636022,0.0343715642091473,3,1
137.0,6.927873555753262,2.7606546390434787,0.07545493133694842,3,0
4173.0,6.80546484196498,2.6769063444200514,0.012355658830405786,2,1
3182.0,6.61393408673464,2.7774898528068808,0.0427026821672613,1,1
4789.0,6.436606897672713,2.2511842029671207,0.05145016479665488,2,1
1444.0,13.241167802877797,3.525278460457818,0.24263662305930006,3,2
1464.0,14.334566553879148,3.246523448465115,0.2498588996077176,3,2
3793.0,6.446127948606802,2.288457832839172,0.037035176722112845,3,0
698.0,7.096297334429284,2.1725704904781344,0.08724341718368399,2,1
2133.0,5.426026526144952,2.965259819375498,0.04413179931906251,1,0
2188.0,7.766357908172063,3.153540744525331,0.06466538642970111,3,1
2882.0,5.043574620607049,2.3869244314877,0.09637423521677867,2,1
3215.0,7.165274120893077,2.876058443238568,0.08672721028754571,2,0
3413.0,6.185467998929633,2.0804428421787415,0.07708066114955443,2,1
4517.0,5.71455255891373,2.326666746217424,0.06677420300498794,2,1
3641.0,6.686343543766753,3.096581069350561,0.06956527339224218,3,1
1382.0,11.709825599099421,3.232497287872706,0.2439758064033657,3,2
3414.0,5.96490696278239,2.597368836897505,0.0743932396303838,1,1
168.0,5.651301717898916,1.8653502697680633,0.1180330987984388,1,1
2223.0,11.70587809885171,4.250640015685092,0.227411020112665,3,2
1939.0,6.819440810557599,3.17104524050529,0.1251538420293534,0,1
1710.0,5.629545708322858,2.832512884235218,0.03103632853707803,2,1
1383.0,6.714308276676086,3.22942385248479,0.04261323558740418,3,1
3853.0,11.913574090486737,4.425512424244954,0.2357686840083949,2,2
1421.0,6.203031846151183,2.2607013546214176,0.010339353365505208,3,1
3197.0,7.655294195093579,2.8362088626931365,0.08719075749819674,3,1
1916.0,6.820680633151814,2.03372696587694,0.09268598300392102,3,1
1078.0,5.1153098307966705,1.7845222234597287,0.017371247077637958,2,0
3688.0,5.710133147440387,1.8996004525366585,0.051369106256395014,1,0
3685.0,7.073262828244345,1.9482492204170774,0.012786985845079533,3,1
747.0,5.586364104547681,2.090957358414265,0.0311269020980887,1,0
195.0,5.711219137708819,1.641039181431662,0.09452877792863404,1,1
3875.0,5.945547720167688,2.7536910343083822,0.10883547439187628,2,1
4815.0,6.570123318367406,2.85459574779274,0.012065432081373336,3,0
1042.0,13.911367973408392,4.437529153774127,0.23393059611259806,3,2
4533.0,7.047219078127433,2.3171671669467786,0.07905637374458398,2,1
3715.0,6.760378199121544,2.1620431306399825,0.032218052085974065,2,1
3572.0,6.847096788248439,2.3521787803846146,0.03185319358582251,3,1
1286.0,6.59516987996737,2.6720231408738235,0.04387736465505207,0,0
1733.0,7.433051893635497,2.978270630665372,0.011247917905503804,1,0
2201.0,5.860027796402062,2.9315458409917827,0.03693396057201001,2,0
2510.0,6.0676753043671585,2.369888269134557,0.05082693838738999,2,0
2915.0,12.381862681760191,3.2539542206222953,0.22026662842366113,3,2
572.0,6.151100693618711,2.3568928695402773,0.11514662401485158,2,0
2119.0,7.062549976516389,2.5496527744364696,0.05471524656966617,3,0
4193.0,6.391294571531997,2.2185999282174436,0.005208496761795416,3,0
1871.0,5.52287767325884,2.5174724771214,0.0066955053681204205,1,1
4262.0,6.219771555898038,2.9649687882697835,0.07527770583908229,3,0
1052.0,5.400379919146052,3.287905374487955,0.05788067045072286,3,0
2812.0,6.673773211996904,2.747534746964433,0.12188855876296986,1,0
857.0,6.3468816020915835,2.6320286621710838,0.10074974181025351,2,0
4089.0,6.089814198340965,2.4147288512228395,0.11456723450630042,3,0
2303.0,12.127028999001974,4.029175085553334,0.21648208069317668,3,2
4681.0,4.485973298632076,2.9030632883757477,0.0377004646270307,3,0
503.0,6.126251013653629,2.622174856265157,0.01604805280798858,3,0
3547.0,5.101669308059092,2.84068118321156,0.09144128233235568,3,1
4105.0,7.404091318588065,3.0515213901101794,0.04372005736373834,0,1
1926.0,5.304794779627746,2.45504061459816,0.08405734258494216,3,1
1954.0,6.513561351727484,2.0253097932948387,0.04341375508646312,2,1
848.0,6.944833822373306,3.5565378390249136,0.06350937896465117,2,1
3990.0,4.688360064818136,3.208847288853478,0.03493713167699301,2,1
1857.0,5.4857391738755545,2.4023606994394218,0.11101494672692931,1,1
1720.0,6.822468674131933,2.860475220204995,0.014044204654631685,3,0
36.0,5.970488056432967,3.62538897881671,0.1350940039228403,2,1
296.0,7.1505011025354355,2.8698669649061177,0.03559629135860134,3,1
4018.0,5.7048283039770915,2.209535046986459,0.07301642627161464,1,0
4328.0,6.8712597435225025,3.040825971120391,0.04352978590249852,3,1
588.0,5.584465359602796,1.944671513706336,0.02565283809359824,3,0
4871.0,5.94878099820175,2.196828885040164,0.14331814432823986,2,1
628.0,10.7850429426938,3.909963488265977,0.24633868299593534,3,2
4125.0,6.642895834091518,1.8941239433807524,0.06780759018271577,2,0
263.0,9.482506052512372,2.6655036203502043,0.011600345465588848,3,0
2997.0,8.581387085719353,3.5356702791740555,0.09001524438500418,1,1
2293.0,6.345152296382945,2.241860673142314,0.08215960750132105,0,1
3419.0,5.136093400426456,2.381798118076933,0.0946998371984849,2,0
83.0,5.861116121359152,2.7366067057564933,0.04494878643071137,3,1
2597.0,10.461105023821446,3.983846627745378,0.2956871636338638,3,2
402.0,6.209967162585434,2.8585762374622683,0.015366836957413012,3,1
941.0,5.9970346030680455,2.415599626626994,0.11790193597138007,3,1
575.0,7.254804892964593,2.8021568414342846,0.01800828463702223,3,0
4999.0,5.257072607147999,3.4695507068989535,0.03817772584670261,3,1
2635.0,6.147191388975487,3.0018924688690927,0.03660436093434545,2,0
553.0,5.8027948527645785,3.0138179909715044,0.0850622443680603,2,0
1755.0,8.08147296588277,3.8630770627444853,0.03234271939460624,3,0
3735.0,5.907224039541928,2.036861927709399,0.05562923413474481,2,0
4037.0,5.979706169783069,2.908829536213778,0.01100368072153129,3,1
4712.0,8.081973111405738,2.89517909731453,0.0673426084653416,1,0
4276.0,5.855199438443867,2.5719129026913565,0.028515739446414654,3,0
2528.0,6.2722812704734885,3.584831888299865,0.050065158489278026,2,0
4152.0,5.76321212500663,2.0869433576771415,0.05296170309829259,3,1
1607.0,6.546644388554778,2.0660895775860704,0.07455880423167399,3,0
891.0,5.8401146035297105,1.8485118114313477,0.04256463765712293,3,1
4356.0,12.533860057916893,4.234472675625926,0.29444563213188674,3,2
3660.0,7.465457412265622,2.8392322244762247,0.056740287089668856,3,1
1219.0,5.735919007037689,2.8096254517619177,0.025400823940937726,3,1
4575.0,4.696138301472579,2.1394021174332076,0.09391430147716277,2,1
4696.0,8.70368445034758,2.342129769908304,0.0017212624048184594,3,0
2167.0,8.472303867384523,2.8660230409193503,0.04037698995708814,3,0
691.0,5.55196995647279,2.558990287889435,0.09955971694341537,2,1
4440.0,10.660493527987805,3.5441342858248683,0.2621979914900936,3,2
4986.0,11.779359243241272,3.896160696360183,0.27061140180533294,2,2
808.0,6.1151484688817135,2.9886687265551433,0.02706199373009126,1,1
4493.0,5.527746579364281,2.5637188423252555,0.006291362066723386,2,1
2777.0,5.528437674905584,2.2328167303362054,0.056849879755146514,0,1
2165.0,6.17309460233875,2.631396656436823,0.027243021093224167,2,0
4473.0,6.25844090755371,2.7617877806909457,0.08649598221357532,3,1
3312.0,6.775086306066934,2.3791117940989635,0.04719285859317723,2,1
736.0,5.019104481675601,2.8016299535111866,0.04135031542998709,3,0
3367.0,6.399409081698564,2.790442015233857,0.024030592822119886,3,1
1095.0,7.572766685291726,3.4240880637692026,0.030770104413524797,2,1
3683.0,7.428606873796346,2.686212728022178,0.008251508258461403,3,1
2646.0,6.636334609189753,2.5905346440091463,0.026013166004455662,3,1
2110.0,5.430872781800041,3.113800844419454,0.0622635426115421,3,1
230.0,5.72576930307532,2.8595559866963525,0.08376329159600338,2,1
543.0,6.766937856284406,2.5292503681470877,0.06262520035196659,3,1
4132.0,6.382956162276019,2.836286051607076,0.02188111293153353,3,0
1461.0,13.029923792701357,3.6951489026321114,0.24789820185597783,3,2
3276.0,5.831827827150505,1.8679585130292848,0.03635064099573467,0,1
4556.0,4.5658656283152155,1.9060443891785401,0.0341914461614777,3,0
3794.0,5.256433490573486,2.1540214580457517,0.07913590126555418,2,1
463.0,7.183173226271267,2.668388165332035,0.04971631154707237,3,0
4778.0,6.52170367025232,2.4218200030545916,0.019322924281452096,2,1
4189.0,6.8693359908475315,2.451393389455614,0.1058194690680302,1,0
2353.0,3.98857770416914,2.4443514180156627,0.019514542360623374,2,1
1200.0,6.132045602804452,1.7508505983378537,0.0038391709000439892,2,0
2881.0,8.542552639424738,1.3657210610174753,0.07930965839646341,3,1
1318.0,6.67129017683843,2.3233373597979723,0.041400419737823164,2,0
1831.0,8.051748991847615,3.2636709551620595,0.03572977827671564,2,1
3746.0,6.361833415618833,1.9137509371659642,0.029834394998040237,2,0
440.0,8.777768054452116,2.77355311284344,0.1447799726147857,3,0
3179.0,7.88726168010775,2.8963026688245423,0.05542731200437897,2,0
1262.0,7.786852819930282,2.7881384110164538,0.05581170083113934,3,0
3262.0,5.961089341744032,2.368694000951543,0.025340984259922712,2,0
1106.0,6.197269622641938,2.320334974470957,0.04309873546867921,2,0
592.0,6.22623502842881,2.8106412294346184,0.049612381868260405,2,0
4282.0,4.930710181269254,2.3602724554331425,0.011389347197184136,1,1
2744.0,5.628413082939959,1.8744733035352117,0.03458684057128008,2,1
2956.0,6.47968263105759,2.3729580603655682,0.12658331986815097,2,0
4692.0,5.488732818614948,2.985973021513561,0.05883421535468923,3,1
1613.0,5.685121050036427,2.642641184498602,0.0989623992952151,2,1
2769.0,4.7281438767991695,2.510373086994709,0.015470487709986028,2,0
1210.0,7.163682268005028,3.2755071578419215,0.13183010054733496,2,0
2252.0,11.212867677297277,3.6058586767850134,0.26679379451053664,3,2
241.0,6.667500873545946,3.9117871824342427,0.014051014590445833,2,1
2097.0,5.199920205253372,2.3991710751746074,0.03179191930858468,0,0
4571.0,13.897051644245611,4.303402030421671,0.30154152196044604,3,2
3423.0,5.087655232990423,2.3579680548525275,0.025574333725677238,3,1
1070.0,5.953198390981286,2.7399740370127885,0.11574429897844898,2,1
4671.0,6.907238632128407,2.0919023105153918,0.16133114847017954,2,1
2680.0,6.487735116752049,3.1569503694045595,0.1107608970154358,3,1
4990.0,6.804747267071871,1.750071123820553,0.07726783732048735,3,1
4453.0,5.633918156967456,2.9246520718034885,0.0886642488766058,3,1
4421.0,5.982038234839734,2.5634339621886224,0.04319347067461096,2,1
637.0,7.4434686072553,2.653261798471994,0.007307815354056236,3,0
135.0,7.094167348113097,2.9731667365060748,0.08349513973261237,3,0
701.0,5.91574863779569,2.535902088026098,0.013379699955934144,3,0
2487.0,5.254147204723342,2.110347207590746,0.018279274446127255,1,0
2919.0,6.567252970575226,2.89865279888782,0.058298968968803704,2,1
1303.0,7.4215024370326175,1.8206667984729525,0.062063877593824354,3,0
3958.0,6.036877123490128,2.2360396630014696,0.04344592374196458,3,1
4405.0,6.673530536575092,3.6213560046522173,0.044700808252227824,3,0
1185.0,8.348890463728234,2.953553065761398,0.07293339568051586,2,1
3781.0,5.822765256962601,2.968911425596512,0.02286552921740607,1,1
4787.0,4.839205550414493,2.053386567995822,0.04974598724938907,2,0
99.0,13.118838548614807,3.6617071500124925,0.2176028814853728,2,2
4302.0,7.377296089562232,2.3200300087618304,0.07155421783581713,2,0
3052.0,6.24789083592784,2.87237432351567,0.04448652186431058,3,1
59.0,4.994194368240554,2.575130517947483,0.01230171187107386,3,1
898.0,12.462533565143376,3.5506106873753405,0.25542708813232207,2,2
3099.0,5.692439376805201,2.1501180880935125,0.15859866914603754,2,1
896.0,7.166875818220224,2.4738285227158547,0.10305741284768354,3,1
4938.0,7.0075970025864915,2.5944732293247985,0.11495030944205242,2,1
1651.0,5.364090391218103,2.366355717437664,0.09930532429287459,2,0
3394.0,5.569877188605222,2.0896810420206573,0.02121674963561497,2,0
2730.0,10.259658789827126,3.5015170035825878,0.27728312633615737,3,2
3310.0,7.320197426549535,2.411704390718115,0.10530382742826133,2,0
8.0,4.581695531201601,2.264918074111293,0.07718213994699082,3,0
3753.0,6.3318885990942,2.67625699233001,0.0706544504926578,2,1
1251.0,6.26821961537597,2.7972430195891125,0.003437209554777291,2,0
2844.0,8.145661860221761,3.5940010246658796,0.051513952124768676,2,1
2230.0,5.493580993903417,1.494105711713161,0.09444323498368529,2,1
2766.0,8.954828937248225,3.359257080273068,0.04176326933724237,2,0
3924.0,4.984438417785976,2.1832410386749297,0.07722177528564943,3,1
4749.0,5.9403693350038544,2.7201517668268576,0.03519992904237742,2,1
2048.0,6.106341517413321,2.897104985789062,0.029987189419211226,1,0
288.0,6.910356739464906,2.2650763423329576,0.02790949348360463,1,1
68.0,7.412348511236086,2.83712353299452,0.011635987558016382,3,0
4094.0,6.8621017643485045,3.2719695050852895,0.07545254289492101,0,1
2078.0,7.572699912919168,2.2165742383415847,0.02823529072946671,3,0
334.0,5.090016640282182,3.0446416857003413,0.09451256538888424,2,0
2535.0,5.618068276706735,2.9475270091604133,0.008059183650903176,2,0
4549.0,6.095586522824565,2.2969832447357663,0.03515873933664777,3,0
1619.0,6.293922953472291,2.992871594449878,0.07675942165716283,2,0
4818.0,5.524842292746222,3.4121623795474223,0.04346809995668167,2,1
752.0,6.788243177431829,3.431271876914107,0.08955709401018498,2,1
1522.0,6.9800400718271085,2.5667893315765644,0.03245117231910045,3,0
4183.0,13.022832786279407,4.1461964425664695,0.3239180494458458,2,2
3969.0,6.188436860246508,2.639760230572493,0.08448775318670175,2,0
817.0,5.338847262707037,2.1616695407257662,0.09243685924436938,1,0
1741.0,5.498687680943599,2.006983799914412,0.06194851643260804,3,1
2429.0,7.723287133796973,2.310669571579406,0.005316119959118792,3,1
917.0,11.971376412347738,4.2897756764496995,0.2660485626024731,3,2
4108.0,5.152054115619938,2.5569780863736655,0.05671284532894069,3,1
1424.0,12.385772351348944,4.476463643244595,0.2526231560852106,3,2
4890.0,8.902050032989283,2.9988888308483883,0.08249337273577376,2,0
3964.0,5.19642915054774,2.060230064487783,0.0472498872444715,2,1
4181.0,7.397205335454313,2.9087803938522527,0.13822489932108722,3,0
1558.0,13.049455208317953,4.29431975027715,0.2824197211156295,3,2
1617.0,6.941840887180772,3.707630760128986,0.12352109017572134,2,1
77.0,5.128111450000248,2.8839530088851224,0.021286568146305786,2,1
1811.0,12.643338556975737,4.795363155748652,0.3022918403559426,2,2
3489.0,5.885953248141895,2.6156977994553974,0.1008146945121136,2,1
2485.0,6.526519019933744,1.8460273008663899,0.10207702180340249,2,0
4769.0,5.6937283297559755,3.123145980010875,0.048501471758501995,2,0
346.0,4.621556956462006,2.427036983353826,0.029788973479901844,2,0
3152.0,5.805118037729501,1.9951868394728516,0.07304547338678327,2,0
3044.0,7.174405837872345,2.723881812556612,0.042062883946297994,0,0
771.0,5.051138127795988,2.0975470924432646,0.03911544136914258,2,1
3920.0,5.437183269848014,3.0537024437864546,0.0880129010043289,2,1
1962.0,6.110792043750934,3.2377403696263936,0.08984976828306507,2,0
4918.0,5.201690401513052,2.120512516856654,0.06711719235535202,2,1
2240.0,6.085748521911218,3.0986703624737633,0.09859841486048475,2,0
2565.0,4.188711516604539,3.19067166678671,0.054643143687033845,2,1
4703.0,8.922933066276274,2.392752169687407,0.03303015861303505,2,0
2824.0,6.404435033048361,2.6788513414916446,0.0912571765852801,2,0
4448.0,9.570065480782448,2.2488510861092608,0.07962479880329658,3,0
362.0,5.758922638174944,2.2408646925258875,0.03605717719649399,2,1
1316.0,6.110523627533055,2.6864124994334224,0.07172911756558724,2,1
2015.0,5.482016351849603,1.862506575355031,0.052287901352020515,2,1
4332.0,6.704469665763741,3.2639807272105408,0.12748442740014004,2,0
1047.0,13.781931174761603,4.040417230112024,0.23116158723875332,3,2
452.0,6.752769540315904,2.550839222168644,0.017236337551295302,1,0
2331.0,6.765449823043893,2.8854148284431638,0.06395367243515833,3,1
1392.0,4.3505136271597005,2.225139518733546,0.02824589457608594,2,1
2038.0,5.401686618799146,2.4010836650179925,0.03599053889681665,3,0
40.0,6.722229854704952,1.8479748186161848,0.0512465250983789,0,0
2761.0,6.940082960908794,3.0638166731557392,0.06592781620661609,2,1
154.0,5.183929855620792,2.1617446944482253,0.11216418749008093,3,0
4591.0,11.179147488269239,3.8166755419685274,0.3616730253074856,3,2
29.0,6.002594889047524,2.477032067422647,0.03775772566919551,2,1
2140.0,6.207146136566163,2.9376387151460577,0.03458411754779243,1,0
1820.0,5.27389481305665,2.0429012270873774,0.0774074858755311,2,0
1267.0,6.624835031247067,2.973888577094595,0.023147259403402964,2,1
602.0,6.047341263267501,2.468016166482056,0.1114953875416875,2,0
952.0,6.209364558129503,2.1287327228634125,0.026122184855153916,3,1
1760.0,11.636791522472608,3.369463393780981,0.20887322826014426,2,2
4156.0,5.945456852873832,2.540727773382855,0.013273491894502538,2,1
405.0,11.231091999346981,3.784077485718066,0.2445806761112303,3,2
798.0,5.507130000124904,2.3641996842232063,0.062273565469344316,2,1
4663.0,12.877081223918688,3.832608768372273,0.2701988624798194,3,2
3093.0,5.576728699074112,2.568806093870032,0.09696412140540533,3,1
2033.0,6.560965806219525,2.3608560236127567,0.009781867367522323,2,0
3291.0,11.7224097624678,3.769745833566282,0.2501049394367081,2,2
3940.0,9.941550700189012,3.8160332172930116,0.28808151719425923,3,2
1109.0,7.08356005380639,2.999744176038895,0.017485442676166044,2,0
4841.0,7.568728098706348,3.932943106073406,0.019181842477003767,2,1
2147.0,5.89678887280177,1.7832185472912114,0.019556268101834338,2,0
1440.0,5.141121736506441,2.448942950398179,0.05223880309217921,0,1
703.0,10.826505583989062,3.8874425051993655,0.24962520355887172,3,2
206.0,6.841948870181638,2.2883294370505376,0.049582267355880096,0,0
145.0,6.392644687952389,2.0144214671175145,0.07582353934610722,1,0
4074.0,7.083690403862645,2.85419330912008,0.11414960893287962,2,0
3944.0,5.327514617328646,1.8242668182707913,0.08172828370355958,3,1
2443.0,11.387239541887213,4.646415189460437,0.2545766723170403,2,2
2483.0,5.0673782494408535,3.3856460241501374,0.08710170923464114,3,1
3270.0,6.350697657535685,1.906681686728379,0.07829759875392883,3,0
1439.0,5.203994525159162,1.8791922720494754,0.10921609817088197,3,0
1555.0,6.917144268444474,2.7467058613519257,0.10261037457527743,3,1
640.0,6.260050929749318,2.6729705125555006,0.08230535174538547,2,0
3738.0,6.657693733291844,1.602270061598984,0.09410418884574934,2,1
1157.0,6.687496103920676,3.0981172608342833,0.07458128358748628,2,1
2236.0,13.020051960876573,4.01675805838047,0.30336252300381195,3,2
1703.0,9.864052693311189,2.6555720749039926,0.06734176342057432,2,0
4963.0,6.493388183061334,1.8311714548817524,0.014625771868214055,3,0
2816.0,5.885938994975166,2.5651024271762224,0.12291517536494308,2,1
1068.0,6.055061604875321,2.980052712644131,0.035795586663070735,3,1
1505.0,5.209577618083008,2.088563024112182,0.1060894317373949,2,1
1147.0,5.5894256512185665,2.2864589738815155,0.0826691181545401,2,0
1325.0,11.660705944286939,4.255505893495309,0.31262141475722327,3,2
4227.0,7.149000169248647,2.6030394948764735,0.03536053787340879,3,1
1245.0,7.444828751546057,2.6426755899823013,0.10399367178458888,3,0
4335.0,5.810113021115705,3.1604805732761627,0.021764986702721797,1,1
2286.0,6.561881721379621,2.2198878378774376,0.0071490518755684814,2,0
1087.0,5.58053716521988,2.2818137758052104,0.025413747403229353,3,1
376.0,6.9510422754523695,2.782447173546712,0.03689764641815905,2,1
3911.0,5.940516294209812,2.473951199922962,0.04919870819550501,3,1
1314.0,6.840133257476091,2.2903317868229793,0.04719051063289849,3,0
4904.0,6.5953824415180105,2.5175762549725764,0.05138144091152684,3,0
3409.0,6.3402470438596925,2.913634939412848,0.057753805137391874,3,1
1814.0,7.292811826791473,2.398478876653735,0.045728138883226,2,0
1412.0,6.446984425678567,2.585202400871596,0.1376514732733377,3,1
3560.0,7.096476906551684,2.5365929212586855,0.028122232931128314,2,0
2161.0,5.288100722411215,2.1800684326087207,0.13768682210673636,3,1
3658.0,8.585522566526853,2.678799794732233,0.11101189266126067,2,1
3823.0,11.457975486449794,3.635049478831126,0.21049676310294008,3,2
3913.0,5.689139035381629,2.160080350563796,0.03308824683704944,2,1
642.0,6.388521363458895,2.5701753172385713,0.052393558562389544,3,0
1354.0,6.849145525947301,1.9552856797974298,0.0052457792771696795,2,0
3837.0,7.040742321564634,3.3716355157753455,0.08382793445474337,2,1
1408.0,4.921850519713711,2.782382784707763,0.05805994699229033,2,0
2641.0,4.7748280568140276,1.6289906908160476,0.056944324873544255,2,1
4437.0,12.678273403401828,4.5726282787393,0.22181159731950642,2,2
4022.0,6.477080277118284,2.272950353478023,0.02873368521094885,1,1
3803.0,6.5830576610710985,2.6493436089499722,0.021183185863194526,0,1
1145.0,7.485022089477346,2.3956891621543366,0.1492125098169372,3,0
2607.0,6.790315410450728,2.4288089319368313,0.10089755858776009,0,1
686.0,5.770946502859037,2.410309282357672,0.07208026397351663,3,1
148.0,7.697227314165658,2.298527634947992,0.04676327590254522,2,0
1863.0,6.230890365827381,2.4465897796881206,0.021201306784054984,2,0
2207.0,7.869358206405645,2.676244733095091,0.010463014618966501,1,0
3361.0,9.738149836218179,4.252162787243473,0.22205842313303056,3,2
4380.0,5.486443739794277,2.4947026979503972,0.0566026734306566,3,1
454.0,7.579265132142827,2.9804579723009006,0.1503537912440308,3,1
1244.0,6.481287855120628,2.9695305203174325,0.07764300348939976,3,0
1855.0,6.424227288890757,3.286424613285703,0.0073150149358990404,2,1
3574.0,6.602217174300499,3.15058068466443,0.02060884315583617,2,1
4179.0,6.656495942804938,2.6949036429864313,0.03697700498522933,3,1
4625.0,9.013074665977246,3.522217353952903,0.06548574568938724,2,0
4478.0,7.93828080330608,2.8283780618089436,0.09089138464164699,2,0
2492.0,6.532248469194191,2.5905605484558567,0.034716995141647874,2,0
2415.0,4.972526383365411,1.7968735440753107,0.16856143562278894,2,0
396.0,7.373088416841195,3.404786340451394,0.07727997365364432,3,0
1192.0,5.737741665196991,2.0971963618458584,0.04024944427668722,2,0
2530.0,7.655424863492464,3.3767278481957375,0.03904818231188487,2,1
3268.0,14.080359107647935,4.984052840213509,0.27425038094707904,3,2
3190.0,7.250541914818745,2.5034316812530033,0.014432970539643939,3,1
3994.0,5.843772210954536,2.7162710703260635,0.14853429955962716,2,1
1369.0,5.4340847734221525,2.5531509648305453,0.018350651259746324,2,0
3336.0,6.892024584370834,3.006470139807949,0.08381250780152485,2,0
4088.0,7.1668676433766665,2.6493776679852354,0.03172632908977793,3,0
1171.0,4.884526132256195,2.96968736816304,0.018531714095262723,3,1
3737.0,5.862549458102134,1.656474598247657,0.048721476137931076,3,1
2753.0,6.905133815826225,3.051793152217879,0.09861811620343922,3,1
194.0,6.1907431237929424,2.6303392817536895,0.0247618172036964,3,1
2259.0,6.175408620355089,3.273106607912916,0.04315494853184367,1,1
1671.0,6.427961945125562,2.147423263920792,0.08537742877357408,3,0
3366.0,5.774166632836607,2.9062245445139276,0.19807446094438355,2,1
4676.0,4.970602108396422,2.8871196550480867,0.06453512991364876,2,1
1775.0,6.23316401347207,2.418819934767749,0.10265820656325791,2,0
2550.0,6.27796495070146,2.6391115493895416,0.01786269786540558,3,1
428.0,5.570198378283345,2.8625404469716873,0.022214314246729466,2,1
659.0,5.96302669298722,2.283442639964053,0.08468658112718115,3,1
1257.0,7.014360373164302,2.5792194785846787,0.05123943799733443,2,0
3923.0,4.915843315455665,2.8634985448435457,0.12167994446662515,2,0
3454.0,11.699973367597503,3.98907928263257,0.2514353631005937,3,2
4498.0,5.8457277533693865,3.173616797871648,0.03298023724201652,2,1
1104.0,7.598357752003506,3.600160012064247,0.023480667947232615,2,1
4068.0,12.798287254423146,4.449714508022724,0.26515764828283406,3,2
264.0,5.7811014984899405,2.6221244355688356,0.10581571953955728,3,1
3629.0,6.977751370784626,2.72913506297388,0.09856042957158168,3,1
3324.0,5.57712872265052,2.222114389477418,0.06479048003194945,1,1
590.0,5.021767178056907,2.806837368318369,0.025749734328136806,2,0
586.0,6.206202511913161,2.451053345999063,0.06529969980982316,1,1
1556.0,7.132714596541875,2.62209631814643,0.008240888455625886,2,1
4169.0,5.230024890767581,2.674546022943626,0.03944140696113308,2,1
702.0,6.555358345181283,2.0082256398446265,0.04758116940759282,1,1
3171.0,6.9680103867549965,2.4295652957874796,0.02661366983836352,2,0
2996.0,5.958599204504658,2.862593331078475,0.07113385932549761,3,1
3439.0,6.603720456162027,3.4501372968037622,0.11248330524230839,2,1
3360.0,5.306373473805357,2.8663033984498236,0.009175506985470521,3,0
4530.0,7.316464515337958,3.1101450042552554,0.034133586568196296,3,0
4015.0,11.034172398039596,3.448725372797088,0.24290450569368047,3,2
3593.0,7.376541433397033,2.894399150742022,0.09738491838566266,0,0
4709.0,5.300440206343363,2.637877761856504,0.019854257036353486,2,1
947.0,5.443581445691257,3.127219069396957,0.0025173179193452577,0,1
1260.0,6.384918787466922,2.3302666167514046,0.05924079424121036,3,1
699.0,7.3572783370267,2.573576207901348,0.08055995687507539,2,0
570.0,5.944993756108484,2.4927564646892963,0.082915763576061,3,0
3422.0,5.9623079688335645,2.4424673721688928,0.09876818221814321,3,1
1013.0,11.422742786590371,4.245995672558686,0.2937180047327219,3,2
3167.0,14.244365413845891,4.749201971035344,0.2860441895250977,3,2
4220.0,11.10197070414346,4.587549561558054,0.34517285878245485,3,2
633.0,6.652310446607223,2.682080826275374,0.04541476255998466,3,1
3899.0,7.7449161304075895,2.6533389975716157,0.13246619123540396,2,1
226.0,12.535304489891388,4.297846406210708,0.2790280808055525,3,2
4122.0,6.249893428572885,2.5575332213590136,0.0534297506559293,2,1
2860.0,5.794512123370917,2.7827025136807593,0.047291339410178886,2,1
1148.0,5.926694293426602,2.6368840153090956,0.012557589853768387,2,1
1212.0,7.479627419003965,2.309825583583433,0.03485916070090067,3,0
2196.0,6.090513941775704,3.082780317952585,0.04074847754050674,3,1
3401.0,7.201329648952008,2.410628741209859,0.07251710760791699,3,1
3602.0,5.748534817734211,1.6366566943214127,0.06619501680617232,1,1
4110.0,6.679416763108652,2.9000573932343237,0.08657342462263824,3,1
4202.0,5.302560903162056,2.15668231621464,0.03033197511633799,0,1
1263.0,5.838470886590002,2.6690922200184866,0.053474392035487754,3,1
3440.0,12.62617906135683,3.7106343752582585,0.2642718690520451,2,2
4719.0,6.6017006256433834,2.298884485390967,0.047728949176904574,2,1
3077.0,6.597799861223802,3.4954492553784813,0.019515620139327183,3,1
2633.0,6.913091609591719,3.276969434936637,0.092555031391404,3,1
2982.0,5.949274123677545,2.46759814447369,0.13586614207040326,2,1
506.0,6.024802362285116,2.8311970946246534,0.043256712873467586,2,1
3488.0,7.97673420894312,3.1612943394653645,0.046681887781786356,0,1
2156.0,11.10082340857307,3.9705619460724044,0.2421956027352422,3,2
2370.0,6.664906833957311,2.950986179695402,0.09697928878708595,3,1
2382.0,6.6721740572683395,2.9988714498347178,0.07123414048000266,2,0
1684.0,6.189781557247519,3.3887306355780438,0.12720340873157593,3,1
4829.0,5.180884127669726,2.4642521498835954,0.13248882872742943,3,0
3108.0,6.471074341508702,2.4676927180489554,0.0453288600810749,2,0
3335.0,6.142226328720915,2.8893044370842778,0.10584345629303644,0,0
2431.0,5.5897360073197575,3.2383544916750435,0.1271287049949564,2,1
4718.0,6.716653866479486,3.2924398341276433,0.053799281025836095,3,1
3067.0,8.05730664073429,2.9838543139533487,0.017607574978786244,1,0
3075.0,4.973635255490983,2.3918174306993163,0.03662939377479157,2,0
2241.0,6.8273463694618615,2.7333851064730563,0.13584896914422812,0,1
4007.0,5.793636367514523,2.395759114494155,0.024749868964932607,0,0
709.0,6.5729419996379805,3.1738524325491086,0.029129828325504835,3,0
63.0,7.728147124008664,2.57109323317178,0.014358211856744208,2,1
2179.0,5.695553868609221,2.7894066284263874,0.0865870013848689,3,0
4009.0,13.237477736573968,3.6186249042211274,0.22433662365490395,3,2
3772.0,12.511085592883884,3.9487702138115197,0.23118919999877813,3,2
374.0,5.589818619497707,1.9036763753218569,0.060052820955356336,3,1
1447.0,6.6084298758216375,1.7979034565034377,0.04540740467448671,2,0
3642.0,5.209975519404514,3.286309866631738,0.06751490685058248,2,1
2336.0,6.144036450924426,1.7359957564543875,0.11670713293602136,3,0
964.0,6.0711202120616266,1.8999989132062578,0.08167346179460905,3,0
4604.0,6.343523837717904,2.606876312806195,0.07422125765422308,3,0
1532.0,6.117398537480145,2.482161407636905,0.01606382102579788,2,1
3914.0,7.091460864589327,3.3133363934871376,0.0037429123717386296,2,1
1250.0,8.613253182814422,2.6154585773105015,0.04701053219926928,2,1
2638.0,4.317637137874982,2.7241840861342568,0.039266901869284714,2,1
1003.0,5.103267110915339,2.122202868883003,0.056532801654502446,2,1
180.0,6.0143746338394894,3.3499238445090516,0.10430227801527636,2,0
2899.0,7.074347943784045,2.619213664298637,0.030867752238984855,1,0
2112.0,9.325526855432221,2.5506222064249213,0.13508075848784998,3,0
2458.0,5.323143398261988,2.318253763454513,0.125544276830574,2,1
1467.0,6.72749962806515,3.1965830970892704,0.10075513709685749,3,1
64.0,5.3379896194906316,2.0272902546647513,0.05025169972012981,2,0
4731.0,5.7979163661133075,2.5816281102416774,0.11889397652537881,2,1
4800.0,6.9657088138691785,2.5497706480152953,0.05036420833250975,3,1
2564.0,7.258203211476243,3.266739166498788,0.04998670621846178,3,0
4528.0,7.585032087870129,3.118826364626203,0.006503178420302558,3,1
3766.0,6.497025233851308,1.9397977487765572,0.06000162075610981,1,1
2301.0,8.04500668849451,3.1406865266032087,0.07349464473894936,3,0
914.0,7.110621545008994,2.602734723568819,0.04740783048680789,3,0
4166.0,6.102768075478513,2.843527310483668,0.02308886631102804,2,0
4920.0,6.368180775983499,2.4103241478103756,0.046973456975625875,3,0
438.0,5.149252346784921,2.3709102835092994,0.13073686523517952,2,1
3479.0,4.2588460430386625,2.901457333771373,0.08228325106115279,3,1
3266.0,6.004414765017035,2.62100242567072,0.1154165736832703,3,1
321.0,4.661280975646178,2.077759318832921,0.007417814085986467,2,1
3399.0,6.230065631400898,2.2980044174126553,0.0836972622854656,3,1
2115.0,12.114230991374974,3.660455839645244,0.2513834944454617,3,2
3647.0,5.7735583243193,1.9767692965946169,0.019769088212580783,3,1
792.0,6.004773391715906,2.8752100788539217,0.0396394153236246,2,1
2619.0,6.0654419312840595,2.680212525771256,0.09097416370819918,2,0
2525.0,6.456355410232331,2.5400579054120014,0.048266133803807176,2,1
4826.0,6.799623069029603,2.5096735087634867,0.07894789806609089,2,1
4502.0,7.403012535665942,2.3974496894913124,0.025423998052232753,3,1
3851.0,5.822423059796716,2.477030234728741,0.0455366173666445,2,1
1470.0,5.878270387465706,2.5250394343225055,0.032830936355646725,3,1
2953.0,7.331923792885508,2.2328844359867226,0.13480233890446566,3,1
3502.0,8.155886294310568,2.6879814175060606,0.028189806211176952,3,0
217.0,4.639630004940221,2.129533426922191,0.06494943526705634,1,1
4439.0,5.6951193715247275,2.8237351958484034,0.09973527033615107,2,1
1825.0,5.680819738250451,2.8815903927926096,0.1281543103568489,0,0
2008.0,5.086936785407531,2.420315490140537,0.07772866265514755,2,1
2622.0,8.1284180682576,3.450313114963408,0.026478795894178318,3,1
3235.0,5.55477286842251,2.0114139141578633,0.054516223897951556,2,1
2346.0,6.042287866858967,2.2418585820320542,0.029520976440032733,3,0
1360.0,9.2187284657226,2.540805749266224,0.020826580450361957,3,0
4252.0,6.720303792358235,2.3612622099814224,0.1015790029709254,3,0
1945.0,7.100204991397797,2.481171969849185,0.04722017041800974,0,0
2320.0,6.377851426603379,3.0498990708260463,0.1425202045959084,3,1
3873.0,5.529069212255797,2.612220884926105,0.08718366960417287,3,0
4697.0,6.934341183537683,1.9476444835408875,0.07311219920135578,3,1
234.0,5.86318921882511,2.03742713833749,0.09497117412507833,0,1
386.0,7.447171154965367,2.82728998337628,0.044173886278294265,2,1
2562.0,7.166077108593732,2.7732213387557834,0.08117370509028585,2,0
3348.0,5.05188269435434,2.0868470411838445,0.07049905983888292,3,1
2029.0,6.619022646946559,2.341928490649735,0.028774252296229583,3,0
969.0,6.963315296431094,2.0389514125237,0.035968546139047285,3,0
314.0,7.5781293325357,3.3821367306896377,0.12472657120541422,2,1
4982.0,5.891568873505927,2.3654086748866567,0.08567936661821705,3,0
1098.0,5.828791651632739,2.7867597363671575,0.0019162467306543798,2,1
3567.0,5.607394800641137,2.5668912950991296,0.06744952351178599,3,1
2781.0,7.605568873373211,2.04418654352894,0.05312192793511531,3,1
1582.0,5.195894175502422,2.582671504600978,0.10362930188597555,2,1
1216.0,5.010847835511686,2.2923265592878685,0.08669951202506801,2,0
1589.0,5.322594731553488,3.957246824804173,0.03039682937742044,2,1
2343.0,4.915747999553718,2.66611271887218,0.09385311211154004,2,1
2876.0,5.185136499619036,2.78391294836062,0.042217163731377884,3,1
4704.0,7.400521146911017,3.0197706431925018,0.040581654410451286,2,1
2328.0,6.927931927942603,2.5380531470453924,0.0909397921024848,3,1
4243.0,5.511276577014546,2.387417383578844,0.13636047879819216,2,0
1958.0,5.778220671532963,2.756071634261499,0.06478122090617333,2,0
2090.0,6.678845004749566,3.090955557408087,0.10472540032908542,3,0
4396.0,5.836353273482963,2.5655783798057463,0.04821860121508032,3,0
1381.0,5.958526141883295,2.416028959101121,0.04207517696092819,3,0
2793.0,6.57387439222139,2.53193414974352,0.03963251893514176,3,1
784.0,4.9125590147509,2.03896587853063,0.05383126422489147,2,1
1898.0,5.6089166071602685,2.9284487605467264,0.10133660752674852,2,0
2903.0,8.285112086188407,2.574064688904558,0.028917233764061,3,1
3180.0,12.631145897480028,3.730732996950392,0.2678054419612618,2,2
4307.0,6.395782463276013,2.33066587346262,0.0554109183711309,2,1
2611.0,11.363002634394473,4.11317730219373,0.23192982969500497,3,2
565.0,7.398760883589613,2.9750950443538358,0.012594557153163679,3,0
3666.0,12.684789700295688,3.6507615258608657,0.21393586699967515,3,2
14.0,10.901462916899062,3.726680876467909,0.2642753283712413,2,2
4378.0,12.010944467040197,4.3242806444333235,0.2994526826465837,3,2
395.0,6.339616470102109,2.2423572847392936,0.0498368521089325,2,0
244.0,5.713768766991862,2.251276222548649,0.006194104682458571,2,1
2235.0,5.318296556109354,2.5964525009834247,0.07266602565760347,2,1
3112.0,6.323664493177892,1.326340652043554,0.050870221443928804,3,0
2823.0,7.499578943092335,2.0097635285182256,0.07744349005656843,2,0
4811.0,7.270105076222845,2.7076262699588387,0.09794382880494,2,0
3833.0,7.2961793392675975,2.532146640438447,0.08978907021745962,2,0
1533.0,7.4642269080660535,2.559062188040313,0.06871044045863217,3,1
4882.0,5.854128172013328,2.3599238093181785,0.0632306491452559,3,0
1512.0,6.11759338896118,2.0135001394576926,0.07322483738565026,2,0
2552.0,5.879060735663885,2.705872582658151,0.051541697003582625,3,1
460.0,6.5962396089847415,3.1013199938832434,0.09418783551288208,3,0
473.0,6.998277927386552,2.8567901510226728,0.11254536324000353,2,1
3943.0,6.077686515860451,2.0968824629189116,0.08005173638964534,2,1
2567.0,4.9410424917806015,2.8076497419348745,0.1257184710494237,3,1
3854.0,6.274792170709099,3.898108611406175,0.0689696183492203,2,1
2784.0,5.9307835446378805,2.6744160506460872,0.032797226330328964,1,1
2515.0,10.925202933249825,4.075946045535023,0.2641413097066697,3,2
196.0,5.563970358524817,1.6874309340435336,0.020653875249903617,2,0
2006.0,6.291437634493864,2.4969737664586713,0.025548541123962123,2,0
256.0,6.876551073897851,2.610825779821926,0.044139346479797205,2,1
918.0,7.235645034251645,3.2996979147373167,0.055241243163445926,2,0
2616.0,6.566222091542051,2.627470741009528,0.07136679418837498,3,1
3109.0,11.99961941810473,4.198076650735334,0.2740245709382917,3,2
4314.0,7.307341535951535,3.126637264193308,0.0711657982163318,3,1
315.0,4.566482089921799,1.9038096571133807,0.04568068334004351,3,1
3024.0,5.514475606637885,1.7549975063373533,0.08058424817315744,2,1
223.0,10.77788946029371,4.102137466681013,0.24644928788699488,3,2
3358.0,13.090190965690274,4.0838999692493685,0.24749717263770213,3,2
4458.0,5.915108956035204,2.172124665385512,0.06828849447722782,2,1
892.0,7.378475270329048,1.9537199105146714,0.06769504113806636,3,0
103.0,5.825923698764304,2.347924964744897,0.04532041670353561,2,0
3523.0,7.008643636811174,2.7170447629704673,0.06521652639544986,3,0
2071.0,11.10440445883856,4.266059783612855,0.23282788437362759,3,2
2648.0,6.42778407234008,2.6488000680863983,0.03564428980680818,2,0
3168.0,5.9176306835919315,2.4663350620084135,0.004231812219737411,2,0
2658.0,10.36321064929752,3.652446925343006,0.22687380997310627,3,2
1330.0,5.533470683636423,1.8972674749486642,0.01969529233940302,1,0
4154.0,5.434491361106658,2.4016000970005207,0.034736033744311536,2,1
3821.0,6.093170781934118,2.2515859484251997,0.12929338168505158,2,0
16.0,11.103551543635414,3.8877401081861303,0.23301554148518616,3,2
3526.0,6.437859835663842,1.9112389848121083,0.14685737310475536,3,1
1979.0,4.941532894031255,1.741167166431086,0.07594816522919196,3,1
305.0,6.8565060539033595,3.120188837202735,0.11626562458566501,3,0
2926.0,5.725129772625982,2.5148476657327192,0.006552057042165338,3,1
2285.0,6.5878470042321124,2.6907574772700613,0.036714823867264275,3,1
3665.0,5.115932925618649,1.8551053412656209,0.05447881449544889,2,1
1912.0,5.577547357237057,1.7257056614729873,0.0720668286350838,3,1
2002.0,5.2231821288481575,2.699633129970686,0.0397285852347437,2,1
2553.0,7.34220106341828,2.859179690607073,0.06347354558716589,3,1
4212.0,6.65374707859691,1.9863715106982365,0.019329199511307134,3,0
4597.0,6.7127370533055775,2.3098493114398697,0.012568784944312404,3,1
24.0,5.9015242733732025,2.3959436476880116,0.06185238275180519,3,1
3436.0,7.546168315501152,2.314910462635661,0.015746435626235546,3,1
951.0,6.346163102173308,2.095288649041668,0.07741572959030589,2,0
2799.0,7.2628550058764985,2.363622892750672,0.12272283839546907,3,1
3313.0,5.685536495140994,2.6680404298748828,0.11527112590218029,3,1
3060.0,7.552901812981803,3.2124264108519154,0.025351693628051345,3,0
2423.0,6.239117021399076,2.5568391712859846,0.095384799566218,1,1
1030.0,7.619508324375607,3.143635964204969,0.034049265783868805,1,0
2572.0,9.142375231798049,3.4992169291933832,0.039077723431372495,3,0
4952.0,8.095667531908768,2.2973805295157033,0.15174907996849138,3,0
1772.0,4.1513263161343525,2.2428731943081504,0.1001847370623523,3,1
1516.0,8.304069941712822,2.0522759043352745,0.052303854963204284,2,0
4651.0,6.923300229502841,2.819524996028582,0.11473267838854312,2,1
449.0,10.79913183203593,4.069042366697854,0.21737691859599104,3,2
52.0,5.563314846173327,2.225316102198388,0.009441948512336039,2,1
3412.0,8.482746972646598,2.1899342781690674,0.04476973683011033,2,0
1943.0,6.85311483782237,2.492842172190646,0.08637286355821426,2,0
3714.0,6.901917744714143,2.7318128382363067,0.07527122949049041,1,1
3393.0,6.05054597501552,3.076491479016034,0.060345336462203095,2,1
4511.0,12.004186070295917,3.8709115027255865,0.31299223178772106,3,2
281.0,5.660928903158683,2.40331268568474,0.03589815756202657,3,1
4520.0,7.035834841966022,3.3673310225758324,0.11763229419139337,2,0
4330.0,5.262499194307782,1.9591407230957085,0.04627474140034581,3,1
1010.0,6.96151876656149,2.7679329998708075,0.018589994377985822,3,1
1448.0,6.130089129494144,1.7328745566897943,0.022312817639528013,2,0
3468.0,7.047144130630609,3.1818706217004715,0.04443264476825253,2,1
439.0,5.340805869030937,2.4211948766868425,0.06512625543921671,2,1
899.0,4.55003856643715,2.241149066597827,0.04268547911413822,3,0
974.0,5.239691953068533,2.4666398070218,0.03939793113710871,3,0
4764.0,6.6265505543262355,2.69077098648808,0.047382605529072176,1,1
4020.0,9.410806527863024,2.7625330758555235,0.040350448978114024,3,0
317.0,5.7642649854043935,2.3797493107394203,0.03181688132589623,0,1
4763.0,7.657920463319319,2.1409897653910415,0.0492603579418605,3,0
739.0,5.0677562327087635,3.8588298457580716,0.07074902780039954,2,1
1436.0,5.754712437650618,2.290091746295942,0.08025990867877648,3,1
1474.0,6.858161084512731,2.975947464237273,0.16273298992604018,2,1
2054.0,8.377460864273054,3.274925044307567,0.08860870692672616,1,1
1465.0,6.169824855357722,3.824279848605992,0.07391033978256513,2,1
1627.0,7.750679615904167,1.7328971656946512,0.04027014534818002,3,1
2051.0,7.020542062906589,2.8875801670485277,0.04070236045108261,3,1
3376.0,5.643689213261274,2.3659402512853926,0.05278488569243992,3,0
1738.0,6.3745939674217125,2.2553277343599736,0.0702819059347656,3,0
102.0,11.806334475882613,3.832345254466996,0.23526326384160387,3,2
795.0,6.1104042357002974,2.009555474114558,0.016086003908144127,2,0
4327.0,5.409243369026914,2.4151782132960333,0.03821330432966128,3,0
1944.0,6.056699984924904,2.7773783026762735,0.007102379275049942,3,1
1603.0,5.908938623438053,2.2166218381375553,0.03552648213990035,3,1
4667.0,5.1806701025883015,2.1756430296345552,0.04496049055021679,2,1
2536.0,10.093066064252966,3.348739860614048,0.3119812630401178,3,2
323.0,6.6090765381694645,1.7817548343426255,0.047244349789493156,2,1
3145.0,5.900781747034026,2.3712715492097387,0.0636071967686054,2,1
1878.0,7.524686078186616,2.1375988706397515,0.04168072955375005,2,0
1061.0,5.780454367640841,1.9500738719028294,0.057755604094530955,3,0
694.0,6.579176525305743,2.781029964206814,0.06179983862153704,2,1
4095.0,6.134573741780343,2.5053939606224573,0.034180427171183456,3,0
4438.0,5.223221228620954,2.646619209226529,0.03058963853419924,3,1
4866.0,10.058525632200816,4.4806283611559445,0.26711581654191197,3,2
3970.0,6.673911834833453,2.9637793893871893,0.10941986083760191,2,0
1919.0,7.648326759313402,2.9911127332993646,0.03433909048455786,3,1
3494.0,5.335473579564225,2.584831653667025,0.04878727654065039,3,0
4534.0,7.9476581482200785,3.1597958231045347,0.053202701666214915,1,1
1745.0,7.025491125162317,2.968896045531018,0.07641506028403118,2,0
2.0,13.48522189620704,4.535594131485099,0.242540930309744,2,2
1144.0,5.7077655152530715,2.2896501028893237,0.0858955465457342,1,1
1859.0,4.260995248898918,2.44535152445179,0.10392248306874947,3,1
1327.0,6.10732431394208,1.9653986052565826,0.14683250435683332,2,1
4043.0,7.21422542603347,2.591388954386516,0.016492684542438983,2,0
4652.0,7.0363852657788835,2.403115768354679,0.03793324864630808,2,0
92.0,5.492220199179799,2.1347135710947818,0.14496101832897273,2,1
1150.0,4.277613348310707,2.0316949017877857,0.11807561539112134,3,0
3368.0,5.311035706691331,2.95625859112487,0.07012857432781965,2,0
2055.0,7.325627938471609,3.0251649579243534,0.07849755567279983,2,1
225.0,6.327487278535932,2.6830453211413716,0.0468694582033073,3,1
1277.0,7.02097741210356,3.1879773537326987,0.061419416450761655,2,1
4355.0,4.960734904586584,2.3352042058419706,0.031724888102812196,2,1
1598.0,10.84487278459396,3.4950942695085243,0.25253378384376474,3,2
2856.0,5.929219637209645,2.358513911306179,0.029270436693954148,2,1
3126.0,6.808294099723801,2.7521747755620596,0.04832985046030055,2,1
1704.0,5.769680808497171,2.472037365978296,0.06262637321932432,1,0
4340.0,4.453594328460706,1.9591576664044639,0.05269276338490978,2,1
1082.0,6.165145655757665,2.4560684650246407,0.02701683921630848,3,1
469.0,7.306243055430363,2.6912453479724823,0.08856260136431586,3,0
2711.0,7.120935177255995,2.246411680663617,0.0566013527836151,2,0
1128.0,5.952868910311183,2.9492971414769196,0.07867561997388083,2,0
3428.0,5.97963811331143,1.8920792276972516,0.007022426842124287,3,0
2625.0,8.164745132108681,1.6742078881425342,0.0160569075533656,2,0
1073.0,8.787139072012428,1.8505066221847088,0.08541251940846957,2,1
996.0,6.078392900844412,2.585195999852154,0.057583756272435255,3,1
1367.0,5.6234298732152705,1.8980833005809417,0.07189276038878993,1,1
2873.0,7.1383578318303496,2.503192283034468,0.015020183399190616,3,0
3669.0,7.119830576646951,2.2085246574766013,0.0329713257224537,2,0
1886.0,5.827274064188753,2.7407583154014223,0.025789394935926222,3,1
3056.0,7.247203942848049,2.7840961717413517,0.16407392861374587,3,1
39.0,5.912547179868513,2.1519120481167175,0.10560410340391639,3,0
3905.0,12.68169400071516,4.404784736479057,0.21617990021799643,3,2
1524.0,5.294049617265145,1.8954402139903284,0.03899987395324556,2,1
3925.0,8.015049142672757,3.2077459877331007,0.11101850827372366,2,0
1485.0,6.288570484873182,2.9967832655694213,0.048066468363750246,3,0
517.0,7.172340586404241,2.9762289356762865,0.06651606378325545,3,0
3403.0,7.847969583544961,3.1605585374279097,0.05214760203089646,1,1
2013.0,6.939961670804055,3.129507140255009,0.039033740097997184,2,0
4417.0,6.172363106703409,2.7496679592030144,0.10892654887098022,1,1
3279.0,6.478413984941466,3.0740004590147554,0.1396372383779728,1,0
403.0,7.804352561748243,2.027562965910358,0.14476369826592175,1,1
2442.0,6.760431061028565,2.3063027251131487,0.08757540373920049,2,0
4849.0,8.782978463097287,2.842772055979173,0.11695390390561901,2,0
293.0,5.882619054198598,2.9855539788024656,0.05467760557341773,2,1
3954.0,5.91358121751245,2.3735418566177104,0.01038642959737277,2,1
4732.0,7.478909920181016,2.450976279744066,0.00625898461389851,0,0
2720.0,5.203057801471554,2.70530126325312,0.035219830297098006,2,1
2871.0,5.85848404914864,2.5926837515353247,0.054291368539955115,2,0
2229.0,11.120256913516831,3.6472003364882664,0.30560438629216985,3,2
1527.0,6.766644023465179,2.251139509745184,0.08613450452397674,2,0
2924.0,7.093443747074339,2.2849600078456564,0.01709801088797251,3,1
4954.0,5.782680266847556,2.039641104728198,0.043928967831993015,0,1
4449.0,6.844154783262315,2.1866504011539596,0.054730138018836645,1,0
1084.0,5.992405955505694,2.6774472397811535,0.07146066857181335,1,0
229.0,6.1201648997309395,2.6883897408305653,0.05879793733063954,1,1
2731.0,7.597182643585754,2.9578904743229026,0.07296396496957086,1,0
1335.0,5.41357154494971,3.7972285081843564,0.02206381302267688,3,0
4062.0,6.701142073587917,3.052159917470957,0.07508964887703354,2,1
4127.0,5.296612197715065,2.782685261445806,0.01873318121874741,2,1
2667.0,6.109577087376943,2.2057594018925433,0.06411143320238237,3,0
3778.0,6.796895892459373,2.1654403306236976,0.08038642057227487,2,1
1813.0,5.760866336315541,2.7520108165176413,0.11744128599026951,0,1
1808.0,6.14023845180173,2.190118253821305,0.07641475189207632,1,1
3998.0,6.023394398846279,2.6764833229578455,0.052233403592667586,2,1
3435.0,6.946176550214028,3.385544716131715,0.11319157573780714,0,0
1568.0,5.984249354016312,2.3895221393571786,0.07676452608639653,3,1
243.0,5.689855063611105,2.8860841546893234,0.007163194449049916,2,1
3340.0,7.0845747599032585,3.180585379939619,0.05433608792046123,3,1
198.0,6.6947444347087055,2.1324342303190655,0.09268291309686859,2,0
2787.0,6.876074393792203,2.9641151052345878,0.0317234290884258,2,1
2217.0,7.424168590022324,2.649027268043351,0.0845299398203073,3,0
4348.0,7.529979034614532,3.6285255396470886,0.08246318167537489,3,0
1338.0,5.156780023149875,3.0185986351009877,0.02502487067439622,2,0
2004.0,6.1265390772215484,2.8293825155946264,0.042686298717163916,3,1
1559.0,13.355211069935097,4.500701174972999,0.25242309239748834,3,2
722.0,9.780790684744847,4.183724014025934,0.3329306652056345,3,2
3036.0,5.678255383489558,2.299360559748489,0.0935592102950894,2,0
4786.0,6.413797691116731,2.9283066907875632,0.051627159613161944,3,1
1610.0,6.374696733677953,2.4237839940351584,0.06403278239110011,3,0
493.0,11.87613854109446,3.6162378161569784,0.2661284742655615,2,2
2675.0,6.054203103236484,2.7242381557767654,0.04944597901001599,3,0
3996.0,5.915181788653116,2.5461936367200604,0.012014464388407,2,1
4567.0,4.88624863646392,2.3072532583753946,0.029198220038949292,3,0
1311.0,7.447447510967878,2.373782843276965,0.045763544406689,2,0
1103.0,11.955742468718938,3.807050793457715,0.26478845404769663,3,2
23.0,3.7771761910056907,2.2343634791404186,0.01779194413851819,2,0
681.0,7.126336662749536,2.9495456212624154,0.06501419322401217,2,0
2361.0,5.5224604972467235,2.6290581765996466,0.06139835244583933,2,1
652.0,6.503937785875135,3.017196365335627,0.034504487452570926,2,1
3812.0,7.048076414708808,2.6768937773536847,0.035266484308114916,2,0
3659.0,8.353649176872404,2.7921983554479914,0.0936492738064535,2,1
2111.0,5.239664658323418,1.9708592574028945,0.010560309786420466,2,0
4869.0,7.454949935461727,3.2877970440873336,0.08218142298700115,3,0
2751.0,7.387597155493713,2.771510188070317,0.011918028740928474,2,0
4151.0,5.0651425576867215,2.130039227418761,0.04584931228440522,2,1
1312.0,11.140801534000683,4.249173942298195,0.3155481947790696,3,2
1172.0,7.566055248023611,3.3409581347110975,0.03900602292524787,3,1
661.0,11.011809369408823,4.014128555666027,0.2866914792602029,3,2
4345.0,5.964125088956811,2.5777376563502203,0.08846918388563657,3,1
3597.0,10.368430334180315,3.531087950662608,0.24811548187126187,3,2
654.0,4.934309271069082,2.470299133373841,0.05963114034805095,2,0
2373.0,4.97689103647727,2.2092686172025657,0.029619564571157858,2,1
866.0,4.757911705437933,2.6562956050332365,0.017237642595016055,3,0
312.0,7.40877499728831,3.317564715378821,0.025741328001990676,2,1
3045.0,6.231884940274086,2.4659044546808895,0.0680599548488985,3,0
3657.0,6.270546105219435,2.1568138439392817,0.12941812978423237,2,0
1091.0,9.781626267547754,3.4734656682042115,0.04287081208289845,3,0
1049.0,8.388437088424013,2.489945794007075,0.07899256004071023,3,1
4635.0,6.693669074396655,3.292956604776736,0.08408750864036135,2,1
325.0,7.132443650152448,3.020733848582019,0.05058763176318387,3,1
4245.0,7.588746287122726,2.3946487760856376,0.07310370079582036,2,0
4326.0,8.458702793159054,3.3584261285477064,0.04044689116557346,3,1
2378.0,5.47144918247445,2.4430900444390273,0.07015022784390201,2,0
844.0,7.75481915452285,3.3719058889897453,0.038528666881045226,2,0
1730.0,7.885241482413704,2.9019935534560752,0.08773514992570627,2,0
945.0,6.983500447585537,2.4484493254288164,0.04198126094937169,2,0
531.0,6.245590338946053,2.9583087794765377,0.07502951295886479,1,0
3432.0,14.472615546864414,4.964030287471291,0.23151930229970585,3,2
390.0,6.492997939024845,2.5593213869462397,0.050885781655661044,3,0
3933.0,5.402535127433832,2.341187176787346,0.041287762166639985,2,0
2540.0,11.050339095381322,3.502986559452774,0.2968051728247063,2,2
3514.0,7.663574506460042,2.906710160098247,0.0839651594200729,1,1
4129.0,6.0720381132609385,2.2346332888128724,0.07018498770885792,3,0
4605.0,5.198308217458302,2.631894314070195,0.09730110635465276,2,1
3389.0,7.5066859820500715,2.1300271161140203,0.0608076734626478,3,0
525.0,5.808714269023573,2.7629311902773814,0.013350172909215289,3,1
1631.0,6.863206912517438,2.1616041415834557,0.04329094993121439,3,0
1075.0,8.200993118233864,2.513959777789035,0.042700499941553755,0,1
2758.0,7.633927454652002,2.2769498370188654,0.10801452048375094,3,0
3820.0,6.035284883991092,2.3293577955424714,0.07628503734627551,2,0
2576.0,5.327177976971926,2.9637904969085405,0.014247758601071553,3,0
4779.0,5.6079381394642525,2.4126709333372154,0.03662645655210367,1,0
1108.0,5.589562409905861,2.908800545776816,0.03991089973808843,2,0
4236.0,6.744952393312909,2.9560662237552413,0.024397913691563595,2,1
4468.0,5.814084466432918,2.740635034238518,0.05868714629026908,3,1
674.0,5.055466490178715,2.251164579037928,0.06472234674388197,3,0
2213.0,7.183026060236437,2.977105067473404,0.010431824052011143,0,0
3848.0,6.04558867810463,2.2505352447336264,0.016054807317663976,3,1
782.0,6.390776624283273,2.784430232832474,0.059840573428767495,3,1
3840.0,4.942159178805332,2.1816187537107776,0.02163467019237934,1,1
1462.0,5.321791771341636,2.358817038477204,0.10346862537919287,3,1
660.0,5.650862384109968,2.285469819327462,0.04540778715124242,3,0
4377.0,7.246012578234854,2.9847568922546457,0.084285429110071,3,1
2803.0,7.390782808333541,3.4925190295832005,0.025429808466416716,1,1
4366.0,6.7986283312952915,2.374130429585496,0.03640760702828532,1,0
3123.0,6.609264021973071,2.539060122067477,0.04988816284275457,2,1
1667.0,5.658494461075368,2.541728317554652,0.055577068371223844,3,1
1932.0,6.730348462372143,1.9473332921304305,0.037376804783831756,2,0
2884.0,5.695651321576742,1.4290220667749598,0.027683734544587713,1,1
3508.0,6.430819095835984,2.1478327921611675,0.05592568102449598,3,1
93.0,6.202147054500521,2.280547979062307,0.016618632653269783,3,0
584.0,4.11179994055394,2.4527485775131934,0.07742939173486978,2,1
3786.0,5.031301711219289,2.60760293976654,0.04136180116714716,2,1
2724.0,6.922933518050432,3.009984436874479,0.03144338830330709,2,1
242.0,7.399250508875257,2.9740366971182772,0.041773475435770584,2,0
4643.0,6.366341525526191,2.178207464200661,0.07016607504946418,3,1
3802.0,7.488599344945355,2.983020340880619,0.028923909344044058,0,0
4172.0,7.710439684730549,3.329692122029615,0.01975229955410302,3,0
2118.0,7.0527419188602485,3.006271687637083,0.02104558893400605,2,1
1636.0,5.867233638362636,2.5420470623947162,0.08683430048233115,3,1
3672.0,5.777116634652718,2.1535434317162823,0.09759960350092378,2,0
2065.0,6.114883769103626,2.9458703267210944,0.07457845232851179,3,1
3599.0,7.141952951510194,2.3584061788658293,0.12648276312951384,2,1
2957.0,6.292219025879661,2.354610208780457,0.04502796700068825,3,0
3020.0,5.602361820158477,2.9014213024278788,0.019273714223102784,0,1
4306.0,8.61874720884233,2.458133812874249,0.13714692758219185,1,0
2721.0,5.592342255945727,2.5959031679135465,0.10077626532777953,3,1
2673.0,12.522645719838,3.505824215794623,0.2602677959511509,2,2
2600.0,5.96686944439966,2.054453916219675,0.049579268919898965,3,0
3309.0,6.465808527642836,2.4033040224451523,0.04736081116775574,0,1
580.0,6.364880460063078,3.009522456937169,0.02292350020039555,1,0
677.0,6.6238138122119965,2.833246852725352,0.029387612998762837,3,1
3483.0,6.221210179557561,2.0187362734702647,0.025604113927112333,3,1
1604.0,6.5683054853560385,2.4528620493254922,0.06784962831878104,3,1
2309.0,5.092993897776399,2.4436372744758343,0.012783235003124477,3,0
4770.0,5.724088902238265,2.6759275052155598,0.06346733129266652,3,1
4433.0,5.4203158297241965,2.5037492345471004,0.06173466056830619,3,1
3910.0,5.366395232238084,2.3724184056835007,0.08459811746272339,3,1
185.0,6.688613569132668,2.881264203720578,0.013228662733277025,3,1
2254.0,10.642654772407875,3.721663394548378,0.2583455477526625,3,2
30.0,6.459533590136611,2.4621741047218504,0.07591377833934147,3,0
2157.0,6.259095288527015,2.0646402881088806,0.0356456749716571,2,0
4138.0,5.087135433325121,2.1795517118682914,0.061470914835693405,2,1
4104.0,8.002637259219918,2.5287740220445967,0.07926094585808209,3,0
2710.0,6.5077309298858665,2.806083160680761,0.18050596964780527,2,1
1291.0,12.520909215981487,3.487418670053333,0.2215569233252152,3,2
4702.0,6.837590811250934,2.220429007035634,0.17080039787556384,3,0
990.0,5.199868086815939,2.098570628320106,0.1053317106110643,2,0
2046.0,13.01450519915023,3.10166009194587,0.33425022857302156,2,2
3585.0,5.470020211564685,3.7216122087293813,0.043879032033285324,2,1
4390.0,6.809448553817586,2.8228009150326,0.06894992528803541,2,0
115.0,5.924507896691583,2.2065051473562978,0.07252114775343298,2,1
4175.0,5.183753247627258,2.660375171064672,0.054944434071200504,2,0
121.0,7.4363187293773185,2.4016293613062345,0.03203009530021414,1,1
1308.0,10.808590537577361,3.468513235316013,0.24161275633339108,3,2
4985.0,6.367288355347234,2.355349206138593,0.03495476097165958,2,1
4211.0,6.335527327643473,2.332804452074254,0.016876111764289898,3,0
2764.0,5.703614947401562,2.593809645774385,0.1030783435077028,3,1
2867.0,6.081980531711185,2.0629409650940533,0.08233167735356399,3,1
3573.0,6.23583028881559,2.870466327757024,0.10502157036315693,2,0
3065.0,7.099793779527504,2.8607911276277114,0.032651861469061495,2,0
2246.0,10.716675666862368,3.5108650158492605,0.2937588217150575,2,2
1548.0,6.524071822691182,2.5638539722123133,0.07079878730229008,3,0
491.0,4.601541695261772,2.1913646308267594,0.05816345345596075,3,0
1502.0,6.7738638729305904,2.541431430277558,0.06960277799887966,3,0
3124.0,5.0670183496770385,1.6465606701275315,0.1407892212945078,0,0
4069.0,6.358572463832113,2.445841158560595,0.053646196936475335,2,1
1773.0,7.648440279700066,2.835820299093253,0.13786877760463628,0,0
3765.0,6.820580927395633,3.223822630277806,0.07962786983826951,2,0
1181.0,11.517595051740667,4.048863902163136,0.25400255776857583,2,2
1246.0,6.167190002958635,2.869203386882689,0.036047455266860345,2,1
3347.0,6.475252108442669,1.9803239103812504,0.10071340687298176,2,1
2376.0,5.481964835287648,2.7470407349659762,0.05420822411001924,2,1
3043.0,5.483516456716286,2.002441640272149,0.06456868874700324,2,1
1670.0,5.629107729111551,2.2739696887243497,0.0619717715704693,2,0
4300.0,7.565007091223351,2.2116028496748315,0.07335983454830995,1,1
2089.0,6.4669505823530224,2.579627743158689,0.0315829266429833,3,1
4461.0,5.648202735342587,2.9423068049974015,0.08095556651116279,2,1
3408.0,7.010225323883752,3.983283162526482,0.022650683676416438,2,1
3528.0,6.670188606139961,2.2191867385041495,0.05377633383034272,3,0
2880.0,6.4838689008687656,1.827620207137942,0.1287077933288105,2,0
1209.0,5.404833040139608,2.661228701887267,0.02841871315678692,3,0
3332.0,6.041424529239028,2.911793660167228,0.16386791746331264,2,1
3832.0,12.777032186299412,4.207247434016791,0.23533391242337143,3,2
4795.0,6.434859941376926,2.0160631298273035,0.12859324374449735,3,0
81.0,7.404047194759902,2.366476751240313,0.0396109271498556,3,1
3951.0,5.384104961579409,2.6023542201133356,0.09838864911547775,2,0
1731.0,5.115364366966379,2.1712347772401652,0.08558634430907501,0,0
476.0,7.266825142935599,2.7457309440004445,0.007884342674237587,3,1
3278.0,6.1789467523527275,2.3280440324957006,0.03510337506617816,1,0
3132.0,6.91094842956711,2.6206253111045754,0.08612865739954759,0,1
2948.0,8.175382098409921,2.586551974010389,0.07423806281382757,3,0
4569.0,5.198514033848203,1.9040129530395178,0.03857177048800964,2,1
2222.0,6.977374264958169,2.6517874549073253,0.1172565736162639,1,0
4011.0,5.791230387855046,2.4886450722583113,0.06277896384911377,2,0
4583.0,6.904342621319459,2.9391407659638786,0.05602574714541172,2,1
2446.0,5.212872786144302,2.1142310896014704,0.08176015399727303,1,1
1238.0,7.004652405741071,2.781771761608517,0.096642821054428,1,1
4429.0,8.095795281145334,3.239092398614591,0.02983885003456633,2,0
4919.0,6.435057155793082,2.0021209026259448,0.05955624213598917,3,0
1336.0,5.50829717279581,1.7737397459558508,0.05672438729830517,1,0
3243.0,6.9716589062440235,2.4691588789022347,0.055592668131935155,0,1
2177.0,6.022410394226205,2.009147280931565,0.047389561066999465,3,0
1296.0,7.097225477970785,2.9257261296973263,0.01723131968458249,3,1
2789.0,6.122467449772284,2.925300708560892,0.03201456522307311,0,1
4163.0,6.222619128748113,2.8959941657850687,0.048776036310043173,2,1
203.0,12.702243218376463,3.451115250951173,0.2870334661857388,3,2
4814.0,7.759997785263233,2.8400446060689406,0.04095010991829133,3,0
953.0,6.858575531662796,3.2657413840044867,0.0856020040316962,2,0
2103.0,5.330386464595891,1.6435815300894085,0.07585675165828853,2,1
4701.0,10.922804724285017,3.277391225523886,0.278430641012959,2,2
1906.0,6.7212459212623585,2.2825143353312787,0.057771837414966824,3,0
2144.0,7.060652781285074,2.6054849070053736,0.03346206411631034,2,0
222.0,6.664825453204705,2.9302389218876614,0.02511441514096183,2,1
1515.0,5.6829117921782215,2.8931613076006126,0.02850053260522637,1,0
797.0,13.291974316654333,4.136327473459937,0.251581048099522,2,2
3463.0,6.112006574845373,2.286000047752114,0.015239053856035188,2,0
2539.0,6.548024783816002,2.660867376961994,0.022188189899055355,1,1
4344.0,6.350216446681218,3.0386441930192793,0.10093812985116421,2,1
4311.0,6.006970068092118,2.871627927299339,0.011128288687600511,3,1
2966.0,5.0305435845812845,2.7593868376743105,0.06147129938072399,2,0
2185.0,6.164854274546324,2.8002727003034455,0.0929323317402749,2,1
1240.0,6.031925909482674,2.648827334148987,0.10177302200842545,3,0
4514.0,5.1906727628958915,1.9954951385833257,0.069321805037773,3,1
1268.0,5.822224523439303,2.7231005991236743,0.037420223104320374,3,1
3230.0,8.530298741496535,3.1689210280681395,0.0902748850598029,2,0
4509.0,11.694976460241726,4.577879084757285,0.2972932087009723,3,2
4423.0,6.282005185793203,2.8706995660139496,0.0539163163586367,2,0
3004.0,5.9248253034272444,2.1287755631823995,0.12162319520995846,2,1
4167.0,6.367433749481914,2.309451058873377,0.05556709311390688,2,1
1036.0,6.50038396160633,2.1166931153667257,0.057897684577560976,1,1
302.0,6.860823678083081,3.445107146469924,0.03621500319702858,2,1
1391.0,5.371264435911772,2.2917809183202595,0.04033999945001315,2,1
3114.0,6.740035339169639,2.8151802390793095,0.1432687861837618,3,1
2253.0,6.350731898765896,3.057147030880063,0.10040541784051152,2,1
1329.0,5.674697395843518,2.8158819731610283,0.10392284192734007,3,1
426.0,10.623168872690067,4.049501720866274,0.2205229011216041,3,2
309.0,6.557557241478558,2.6943938270417997,0.01702704158471056,3,1
4056.0,5.274470950393106,2.500754415973756,0.058504490483912285,3,0
2407.0,14.776285036129181,3.1952558876184325,0.3154431281539954,3,2
2058.0,6.7149267878206995,2.3249982057650254,0.014754728900714009,2,1
2290.0,6.531651464057306,2.138074305597071,0.06908539827798171,1,1
3586.0,5.85362239771602,2.904823869063102,0.011842918053294335,1,0
878.0,7.5740769605823814,2.5701358317368905,0.07382788580984882,3,0
4929.0,7.828705872023491,2.9451048860316877,0.02961616699188472,1,1
4256.0,6.730603022527336,1.7304948153973636,0.04154077808272468,0,0
750.0,6.155196821368044,3.1161489276240704,0.02404600986352685,3,0
4758.0,14.182997875769813,3.7270081110981166,0.23556742326406138,3,2
1460.0,5.812511009775037,2.029498306196902,0.09539281179184812,3,0
4312.0,8.357915945989138,3.522883101163981,0.0680670260234482,3,1
790.0,7.321863812110251,2.886775618587598,0.01908025068507284,3,0
3252.0,6.147896948450335,3.7371255283435953,0.01985782424526052,3,0
55.0,9.024408644755269,2.421303766329265,0.013606915986396186,2,0
56.0,8.471913982349982,3.7241572330077655,0.033028232472838266,3,0
3497.0,8.336441842120022,2.8797599959907294,0.09516569819071069,2,0
4329.0,5.8014347053652715,2.163533475461752,0.007735957439075049,2,1
2400.0,4.260882718823936,2.3809896699351896,0.03474693814469085,2,1
4419.0,7.002819865303026,3.2336838962180203,0.023104168878944644,2,1
1077.0,6.255095510690213,2.160950361949391,0.0024856025323826587,2,1
4683.0,12.237323325766125,4.747363193863068,0.20958710097142477,3,2
1151.0,4.612294964473637,1.6387979781593316,0.08771334539791044,1,1
2709.0,5.171679143856653,2.0774494317324996,0.011204313282479837,2,1
1478.0,13.410984791764639,4.371146272704993,0.2370402553357997,3,2
2326.0,6.6944606963992985,2.8850801183283563,0.14911966642212188,2,1
3936.0,13.517391083436667,3.937013394866625,0.2801840464228783,3,2
4707.0,7.0812165311326885,3.3298348112270335,0.03562801992118732,3,0
4388.0,4.58465966421045,2.6729854215497775,0.09830088250290003,3,1
1100.0,13.37570827320995,4.09979545075816,0.2438116722172716,3,2
986.0,6.34965776390084,2.481431537671839,0.06858731012551672,3,1
1154.0,7.6631908068856145,3.3690446037595816,0.03113136437644408,2,1
2315.0,8.961270156368624,2.717857878353119,0.08752183716171637,2,0
2863.0,7.9974810081711745,2.9808903670988545,0.011022874203589186,0,1
687.0,6.6877703636863215,2.1786327115942288,0.026195665773426673,3,1
4383.0,10.788594880157005,3.9735743494401268,0.3486685445350294,3,2
2512.0,6.870124279645587,3.347624269406708,0.03395522659290671,3,1
2495.0,5.758334014644931,2.762329263128081,0.06287832650522271,2,0
3365.0,6.920979919312516,2.554958976773127,0.08593677325368974,3,1
1918.0,7.086304512709589,2.548616989842557,0.023573455740595186,3,0
2672.0,5.335684482916706,2.034306403355751,0.022851531847621988,3,0
3834.0,5.084103931168888,2.3991399112284197,0.132540561691501,3,0
809.0,7.547361630952216,2.109223782941404,0.13051516440423952,0,1
731.0,6.6879922401954754,2.7887764377649202,0.0934389913681388,3,1
4612.0,6.900053189923991,2.3526539436042206,0.12251639020466712,3,0
4649.0,6.269985244040341,3.050941361389901,0.08312551440217016,2,1
1571.0,4.114564131879241,2.032618375143509,0.042975895329934365,3,1
1964.0,7.262722129106721,2.0795997469129017,0.056383784261093146,2,1
3281.0,7.817114260574979,2.490112230958304,0.1006041084314269,1,1
4832.0,7.191900315173398,2.990659058761196,0.005418683149384897,2,0
1975.0,6.625030317757972,2.4794311308627246,0.054225375872472524,2,1
4686.0,13.007621037742526,3.4337003940025976,0.2234816756921874,3,2
1753.0,8.173408651588275,3.256204330301764,0.11279933845657991,3,1
2592.0,4.264722301184364,2.4721208648462123,0.037112388410961275,0,1
1601.0,6.7837557363047285,2.5289775774288312,0.042006216493126934,1,1
4381.0,5.321409202967523,1.6622040824885684,0.03619976205977118,3,1
2146.0,6.746126478212164,2.8055526332072236,0.017180099399997845,3,0
902.0,6.1661295626498465,2.9427202164237674,0.07237937065264824,2,1
4237.0,12.872325825805342,3.6849669129987728,0.22664576841141856,3,2
2707.0,5.840465078266925,2.7269800081449946,0.06292193725555072,3,0
2715.0,5.662202006902684,2.5095233333868503,0.10544398279788264,3,1
4146.0,8.379193973403645,2.3032404307066967,0.08090951764489022,2,1
360.0,6.53936072635168,3.0272569089305064,0.050207914485336735,2,0
2449.0,7.0824511839528475,1.9684294347216267,0.004031364188699125,1,0
4582.0,5.858582481225643,1.6822767171540023,0.10665610620189928,2,1
2171.0,6.726585183895592,3.1599926799044247,0.05927270516587957,2,1
3757.0,6.720569270649857,2.543433513380806,0.01371770076135554,2,0
166.0,4.553047708535194,2.295103384465183,0.07833517720717512,2,0
504.0,5.579144976121831,1.827475857098741,0.11099785074367817,2,0
1259.0,12.264776519994323,3.5139204459474955,0.2571232006438648,3,2
4353.0,6.146455146607583,2.219561134829555,0.11560852845084094,3,0
1221.0,6.378854142464286,2.9230332575439886,0.020135217211217554,3,1
4411.0,6.841091935493492,2.3098045571486194,0.09295919822397879,3,1
922.0,7.132167694520361,2.4144953458231924,0.07225321073169289,3,0
3001.0,6.720279148276889,2.7447534946474823,0.08879461709721025,2,1
4636.0,8.805019560782014,3.449284361021366,0.047162800016574254,3,1
1739.0,12.955028108950989,4.15486840053891,0.29469375114515134,3,2
4975.0,6.0943923272340035,2.551263998666357,0.026409905369225686,2,1
3345.0,13.757492351058664,3.6875691909784027,0.20926245496111406,3,2
1865.0,6.955460361070466,2.802594286253326,0.02946730155406119,2,0
1565.0,7.207783899151484,3.5203150386885014,0.05584807695905116,2,0
4876.0,6.8688067406028415,2.327969221207589,0.07491671700328466,2,1
330.0,6.241215149834853,2.3665957563969746,0.0385081910413586,0,0
3475.0,6.304494061005857,1.5017260998394764,0.032392535045310464,3,0
1552.0,7.408727026513275,2.906280493143405,0.042441882983842834,3,1
1618.0,7.194792824945921,2.4491908395934834,0.05267173971177735,3,1
975.0,5.2150187654057705,2.31207927988375,0.05605631816094804,2,1
2127.0,6.2182507618110945,2.6085169817106073,0.046630429081161294,3,0
4199.0,6.291440296167343,1.8363338551462045,0.1056249808190945,3,0
2681.0,11.06204447781047,3.506399302142541,0.22889874196449303,2,2
500.0,6.504585685191603,2.9320897586282495,0.03417807520289123,3,1
4943.0,5.966044683117621,3.1825141527402123,0.09812496412574633,3,1
865.0,6.989904672290647,2.483859558175878,0.09754044857869225,3,1
854.0,12.309656331306185,4.278389241563553,0.317661854818073,3,2
849.0,12.548562396810993,4.19745616045596,0.27525549702703994,2,2
4734.0,6.472852889324853,2.954964052512408,0.1430057856602571,3,1
2568.0,11.700153200825339,4.309249239453776,0.33056767268269854,3,2
2468.0,7.049088900929234,1.9744327448673076,0.03160868595417657,1,1
2239.0,5.781479281530801,2.4975277939746006,0.07178829308783896,2,0
1211.0,6.651074009855845,3.2573538450153827,0.019984880822133583,1,0
2172.0,6.097330402880803,2.397742915962484,0.05300894124035143,2,1
868.0,6.3863540061020885,2.7567374665497733,0.06268804362069218,0,0
926.0,5.226581252487737,2.6128771864534666,0.04987832972192402,2,1
1712.0,4.9773399948476005,3.0983841459990407,0.13098552911812056,2,1
2245.0,6.713223977371666,2.531235717043764,0.05058960160381657,2,0
4971.0,5.552541314310211,2.495501240787874,0.07753654937576707,2,0
2037.0,5.658905498731095,2.282975680834599,0.09985113892903735,3,1
2330.0,11.309989756183935,4.002356369386442,0.2814490157329871,3,2
668.0,5.0788129108092015,2.27745038816017,0.08790412131938004,2,1
4577.0,5.898039449683482,2.431230674898475,0.04387214173410826,1,0
1525.0,5.228447882387276,2.6148758331036794,0.05442829548918502,2,1
3608.0,6.168479927360586,2.342719369219185,0.10373788141091345,3,0
1702.0,5.459894027283733,1.576295830545517,0.039156581389335844,2,0
3259.0,5.45903733239017,1.9368723059436002,0.06749747994146424,2,0
3357.0,6.158338271549498,2.293089891876896,0.12672006069616462,1,0
3878.0,8.058039781569533,3.1778287435673467,0.05079232808446952,2,0
1959.0,6.2583407235573905,2.7192982883308683,0.02544255051237102,2,1
381.0,6.531743374202209,2.2055765654972963,0.020117709581407114,2,0
1331.0,6.788709513883299,2.748208130581441,0.04352608002045216,3,1
3995.0,7.1413396979254165,2.6352048194103372,0.06660837321329488,3,0
4693.0,7.069581768512769,1.8063469167052104,0.12822483339596877,2,0
1510.0,7.991806343694827,2.905704036418694,0.0854796824385501,2,0
4210.0,6.014304902622522,2.463039257937429,0.0036665661771989305,2,1
1924.0,7.4286285651366875,2.9092001662098568,0.04267668815905626,2,1
1664.0,7.156065815872018,1.9762908583075938,0.05257726236496196,2,0
2950.0,6.962123654554418,3.3356810557184127,0.11531822618798443,2,1
3033.0,11.666665155318597,3.074671490924688,0.2548407569871455,3,2
207.0,8.305643519303397,2.8410056660128227,0.05263219342488517,2,1
515.0,5.307951662827483,2.6856301238905407,0.034024167927510895,2,1
4955.0,10.360186007537846,3.4589515850283106,0.30217380333800853,3,2
2098.0,7.002721458372084,2.57359365755998,0.10953865327397626,2,0
3623.0,12.589082729730585,4.498892235818332,0.282039457725057,2,2
3806.0,7.200029312874495,3.663631076151015,0.06397210496071747,2,1
4951.0,5.918033941093849,2.6910672245590037,0.08422456867830536,2,0
3350.0,9.180376783454726,3.278317674215908,0.24582405656403308,2,2
535.0,5.855097614875752,2.545193079793484,0.016316128090721447,2,1
286.0,11.263456666556445,4.9238405737534,0.27765052200489565,3,2
4295.0,12.409796019727615,3.625313627487912,0.2165621348989913,3,2
4910.0,5.154402505324654,2.438068426512271,0.028235335835654875,2,1
1283.0,5.468670909164656,2.3842165326604605,0.05289409927026486,3,0
4247.0,4.3942462094970995,3.0594426638188628,0.13726017957062348,2,0
3842.0,7.017665582391733,1.8475946271612007,0.02889423859300653,3,0
3445.0,7.316008211994135,3.8457640328455125,0.057929703334380855,1,1
2505.0,6.365118878350424,2.784740166055336,0.07598967022854802,2,1
4277.0,13.220144986582772,3.483482160766546,0.20089692848669527,3,2
916.0,5.455603492816122,3.6447959455489554,0.03001401015769474,1,1
2412.0,4.632144080245069,1.3870774195550903,0.0347290978298897,3,0
4754.0,6.920488321401557,2.995516307558546,0.046351475459242945,0,0
1862.0,6.692085525275262,1.9546665547326372,0.02006035247098061,1,1
4505.0,8.252242122705367,2.07243345041409,0.02735941012753614,1,0
4158.0,7.370695046276823,3.2161191488659924,0.09114454273288086,3,1
3640.0,6.8235729466588975,2.447234883684776,0.04216595688663282,3,1
5000.0,7.551557754051914,2.3823512557396294,0.05372583493536513,1,1
4187.0,5.679608515345866,2.857833228898285,0.030805484264626683,1,1
3699.0,8.488882029777479,2.3408651365732767,0.051792138741919846,2,1
2419.0,7.8454137320879,2.1167272595884414,0.14001466909480706,2,0
837.0,7.1681351681860015,2.519656657373897,0.06080331471289045,3,1
2826.0,6.38582996869561,2.302132151475894,0.019804575592139877,3,0
3294.0,5.871247061732831,2.260440809931402,0.19718637811018996,2,1
2685.0,6.351815964548164,2.467508576404675,0.07133319876913888,0,1
2780.0,6.501079734226079,3.1380609703601627,0.044714587658962614,3,1
801.0,11.522792574633325,3.36789029531852,0.33851829205587547,3,2
457.0,8.85026517219506,2.293214959226229,0.03446262060089176,1,0
3783.0,8.21508080193353,1.9779941058231914,0.05747784412455196,2,0
1689.0,6.480164449550461,2.4717283058417445,0.1044849532909312,1,0
340.0,7.099962823614783,2.888661248148019,0.1286018219949357,2,1
927.0,5.284583429899508,2.679954264595867,0.05577142649695533,2,1
610.0,6.552070243668044,2.5550512079176335,0.0457747411072869,3,0
1513.0,7.559935949566024,3.462457803236345,0.020012073214960093,2,0
3926.0,5.741956950840502,2.2268859128742147,0.022923811149089788,3,1
3034.0,12.721758276080262,3.3809775933718065,0.22334503816187903,3,2
2113.0,11.100376541146904,3.0008646126704814,0.2379408330917637,3,2
1844.0,6.234237326765472,2.6763670342682304,0.1048092196555067,3,0
1123.0,5.686478816700709,2.141727149154653,0.035011846617564915,3,1
3992.0,6.940089975904063,2.072047652934565,0.05971953493615439,1,1
15.0,6.194645224643856,3.0583301469085877,0.014876130335595062,3,1
3100.0,6.461403483122681,2.5414996177727978,0.030812620657376954,2,1
4532.0,6.583748070600256,2.587249384974249,0.10099706228254483,3,0
4926.0,5.452949605482695,1.8325748990818338,0.07876392305714867,3,0
897.0,6.959968521125397,2.3359211658406713,0.04199471341479993,3,1
835.0,7.072700938875882,2.6757757106333178,0.03191950488163963,2,0
2858.0,5.940883940838414,2.247184835030123,0.0054275385449909525,1,0
1554.0,6.33676603787511,3.002872498017592,0.10710037342244506,3,1
155.0,5.805223202225062,3.8152461405548075,0.025045568839139155,3,1
888.0,5.2102383750918415,1.5452537192052478,0.049102873776491904,2,1
998.0,6.236360715093793,3.147707661615466,0.04560475264027538,3,1
150.0,12.22327047965217,3.3311388510560955,0.20182892755464366,3,2
1779.0,7.517745047089507,2.3410928292298587,0.08389023681340708,1,0
2210.0,6.47924392503131,3.533837078416153,0.10288564804715448,3,1
3689.0,7.006719086254995,2.7525453994251756,0.07410695534552761,2,0
4006.0,5.729359935904911,2.1347059742387184,0.09883855010247834,2,1
1902.0,6.2817917993963945,2.8516470149430435,0.06987971072490072,2,0
1120.0,5.740087509142414,2.678174367398177,0.03398815125023019,2,1
353.0,6.821319727431171,2.1747588198947714,0.05290663266237367,3,1
2087.0,5.3318608195487665,2.4353628097674385,0.06361947014729004,2,0
4286.0,4.701751632356114,2.4897396298243075,0.021021888611320743,2,1
713.0,5.435899733340834,3.2230744444049066,0.031229208355629867,3,0
4566.0,10.650716356032419,4.587671647148705,0.2521170030793151,3,2
530.0,7.063003651628097,2.560653629753206,0.00480704373965256,2,0
2598.0,5.820733527382987,2.6337188535523843,0.050527786329652026,3,0
2701.0,6.37183797681782,2.257745504448835,0.027757925360143983,3,1
1071.0,7.530685798229648,2.342005669097861,0.01641264955592822,3,0
621.0,6.104200093969573,1.9885528146071376,0.05140858312839769,1,0
2521.0,5.654944131462923,2.3831053639032085,0.08596324640344889,3,0
356.0,13.176837257330936,3.893966980786695,0.22996193135323645,3,2
3749.0,5.500706576503652,2.318013374692133,0.014635953973916382,2,0
4916.0,7.381904197040281,3.088773367770395,0.04973042090915606,3,1
954.0,7.8331151533396035,3.3864650900882753,0.04195686946245268,1,0
1737.0,4.692336405597823,2.4302496936287254,0.0583040042249281,3,1
594.0,7.337417755189376,2.4234927869804537,0.010602966388687908,3,0
4485.0,5.0054453063404765,2.6251781835546675,0.0670063870899889,3,1
4618.0,6.254986200563008,3.1938857651117263,0.06342162464466665,3,0
2704.0,7.627987696199605,2.5658465680080815,0.06449765404028139,3,1
1614.0,4.9988545605124095,1.6652054733502852,0.05712427247343268,2,0
3086.0,5.54372938091744,2.0837710359269357,0.10604117399663043,3,0
2959.0,11.194405045509608,3.683397269076986,0.24818597348544832,3,2
446.0,6.906561664053579,3.908380594005142,0.037567016184059714,3,1
1876.0,5.679706375142447,2.104973746124275,0.053073254363717556,3,1
4039.0,10.991440046451414,3.358964464714272,0.2767990299445221,3,2
2507.0,4.900716188045462,2.1507621509881987,0.05796332092770583,3,1
4400.0,5.984948019669037,2.5295612659051723,0.007465199088006042,3,1
1583.0,6.9323645126914,2.7727381311881105,0.022839847137992197,1,1
1344.0,5.869503163854004,3.2204036561177753,0.0756334086472094,2,1
2810.0,8.425055188320444,2.7090930353371774,0.05842764614131904,3,0
3610.0,6.617171157619957,3.012722600560788,0.02068488319171706,3,0
1326.0,6.90898326841756,3.360524239330197,0.040868788893422846,3,1
2850.0,5.3280445805535575,2.0931598381427357,0.031773480523051005,0,1
2478.0,6.533067867277418,2.0402420644627766,0.01847100357200475,2,0
3710.0,15.138183234809222,5.0,0.26724058671841594,3,2
1742.0,7.1799277476507,2.8911203913829526,0.017172086754938178,2,0
4574.0,6.815494210214879,2.727166490402657,0.11272662590245941,3,0
2609.0,5.632826732419687,2.4108875221799306,0.08124105422770207,2,0
3307.0,5.127863166850451,2.8395975249460244,0.022306305619641514,2,0
1113.0,5.004043060891805,2.4326373680267745,0.12181831608570516,3,1
3012.0,7.603028483753821,2.0417256169242677,0.05499829692594894,3,0
734.0,6.853075821002244,2.8749364464912555,0.12204748523069334,0,0
3901.0,6.7117486020786865,1.3349130616645266,0.033330792179373896,3,0
3681.0,6.879405347230276,2.6630141908800753,0.049383522911514884,3,0
2481.0,6.222431176966022,2.2147610576676175,0.05015351763023841,2,1
3906.0,6.615420039629876,3.146535963882227,0.054406101312477764,3,1
2311.0,6.950999047464073,3.745743689271388,0.05654953664881628,1,1
3655.0,12.191020048800857,3.6219896870567116,0.22127885894859567,3,2
2736.0,6.910335225048595,2.7511810853516594,0.10254039548810677,0,0
4961.0,7.637976861320443,3.0123420198505713,0.039294153467564194,3,0
1868.0,7.039782796019947,2.6450237626911375,0.03490940858537569,3,1
4351.0,6.924774908984485,1.957926951835306,0.0249521975599778,3,1
3014.0,7.364049618499081,2.164191376764869,0.00810227458071917,3,0
904.0,6.93234300782934,2.6873123810551816,0.017527236541694958,3,0
1652.0,5.2155347610060225,2.3338442223403,0.04249504413937756,3,0
634.0,6.040007346907011,1.4806134100010515,0.0632633298669212,2,1
1353.0,7.998915236405873,1.9239091432546696,0.06849938258158751,2,0
4646.0,5.834471326350293,2.935095911269224,0.06964620558106854,0,1
979.0,5.853041567235799,2.6813562703417877,0.07258888810409204,3,0
2394.0,5.836357969359641,2.362233906361164,0.17085773572265336,3,1
4375.0,7.559201974562071,2.6803914425388613,0.034380714427416345,2,0
2477.0,6.455911851332616,3.168579431892259,0.05448459773662425,1,1
479.0,6.881285219908607,3.188622653999065,0.047522241806226884,3,0
3451.0,11.563419641031368,3.8342547600086903,0.2259124580214477,3,2
2200.0,11.014377393321219,4.093507691803302,0.2982647121579769,3,2
1685.0,5.0933411050395145,2.6176974401958057,0.0238895688804329,3,1
4634.0,6.236710785817836,2.451925699221168,0.053210358924044326,3,0
3617.0,7.134619685293078,2.495891760614117,0.08121018401732903,2,0
4469.0,5.6912303523554915,3.1254169935343032,0.06967624133998061,2,1
3097.0,7.308583919785201,3.390491627142349,0.07195295765506483,3,0
4942.0,6.823882260129621,2.4577221643896983,0.07363359723936666,2,1
2341.0,6.811369022260425,3.2310097318707007,0.02041130333126358,2,0
2490.0,6.5768657454939135,2.587603293525671,0.037512035408652965,2,1
3373.0,6.635416918954921,2.1487174640597115,0.0856950545772608,2,1
1491.0,12.224955383129455,3.5060869250287556,0.2479675444006563,3,2
4874.0,6.033429465802967,2.6963198622312756,0.02807336601577874,3,0
4868.0,7.396525765768481,2.53173996023466,0.07050882700227439,2,0
2324.0,7.390272115636861,2.375239361533534,0.11923619740959428,1,0
4845.0,5.304036266923117,2.264855041867532,0.0678002993584379,2,1
785.0,5.5659294861175646,2.576063699358127,0.029042782538434432,2,1
4579.0,7.265073144224298,2.750830850236478,0.09567666630445515,3,1
4863.0,11.248453163066014,3.9149416510979407,0.24858571844768132,3,2
1271.0,6.965434612594362,2.5878808913775515,0.03238152517824864,3,1
3982.0,7.748555143761912,2.5495482590338456,0.03657536127728826,2,1
3292.0,6.037931293479361,1.782273076203585,0.12539128469275254,3,1
1734.0,5.6331552296022664,2.68902229453284,0.014585731328018886,2,1
3671.0,6.910581010808791,2.7723786351586055,0.10254983496086152,3,1
4796.0,4.935877161721537,2.8781713640088284,0.08050169158513854,2,0
4288.0,6.196716331074149,2.5020343630732294,0.13602552171406818,3,1
4689.0,7.235971981155354,2.2891625266490854,0.12146753654207572,3,0
2340.0,6.59880855077006,2.2949001742101682,0.04762649556867029,3,0
4851.0,6.972788472054658,3.0116870034022503,0.06045218769259606,0,1
955.0,7.086993344473419,2.8025468641481495,0.1155993764263353,2,0
1700.0,4.838242394703212,2.483341697085288,0.12276227988499862,2,1
3876.0,7.77787575433349,3.511876460857754,0.03916124684902654,3,1
2785.0,7.778872472624469,3.2565404747039084,0.09083201888666562,3,1
94.0,3.694509955688085,2.1695600637079417,0.08528724208843129,2,0
581.0,5.707643753736983,1.964437676777673,0.08330420728762994,3,1
3492.0,6.116281900479072,2.7670317193781195,0.014008944097781207,1,1
1261.0,7.029321918914674,2.766327156901176,0.01127193355348908,1,0
4973.0,6.662866276109795,2.432600214173784,0.053820127985437165,2,1
3493.0,5.290354915311608,2.78571823262142,0.1272947597750936,2,1
4435.0,6.890714192646349,3.04589993846651,0.040446830404703024,1,0
1697.0,6.002035973371849,2.651964272026468,0.03298117053739914,3,0
4705.0,4.500532583946121,2.13151166225534,0.07765606908461563,2,0
3272.0,5.3881680780359105,2.4335099366680963,0.027828347974288212,3,0
4229.0,7.406487157282125,3.0185577938404577,0.07151640141462232,1,0
3210.0,5.746443059185929,2.7975135537513824,0.09958939307849318,3,1
1322.0,11.729962503959399,3.4049680095407884,0.3281130524011432,3,2
2430.0,9.003019103580487,2.6833437260269335,0.05085129031602716,2,1
4586.0,7.04769362715421,3.171984989357305,0.028981492546373264,2,0
3369.0,6.8068872390372945,2.375578232142124,0.10346108473983572,3,0
3226.0,5.241644751785867,2.353813239448262,0.05276705535663577,2,1
4859.0,7.504844715492074,2.609431920147783,0.1006016286123386,3,1
3591.0,7.080050573233656,3.298546235400396,0.09216891689483188,3,1
664.0,5.049607752656745,2.055247532468833,0.014786285618168932,0,1
4425.0,6.975618061399722,2.9015537880996503,0.03938378984604366,1,0
442.0,5.0917695991097345,3.3824888184626856,0.038449912367408884,3,1
2848.0,7.158446594709718,1.8744426989620535,0.03134319308800323,2,0
2453.0,5.142845337533743,1.7616695516902259,0.002507615186199692,1,1
2813.0,6.580537913473638,2.319305647018522,0.02945046582619944,2,1
3207.0,12.634814383876565,3.9101801448513887,0.2683138915685315,3,2
3517.0,6.109856302078918,2.4853712261530925,0.040259833550622924,2,0
3142.0,6.5280828710562195,3.1645058907007733,0.02678353485884612,2,1
2669.0,8.148144209879808,2.5381847396381367,0.02382593565438018,3,1
136.0,6.52389952056673,2.55322087807975,0.03086887576908585,2,0
1224.0,6.535212562086963,3.298948302068127,0.015996774620129706,2,1
141.0,7.965808281321316,3.5928327270803178,0.04045976648625832,2,0
4833.0,6.655670202855313,2.5751784436247402,0.07383672832301551,2,1
4655.0,3.284174066041887,2.545638035454647,0.1063178171809486,3,1
4477.0,7.158077733789715,2.550444012967335,0.11078468226553843,1,1
4777.0,5.130686312597894,2.968405457450128,0.1115939729562305,3,0
490.0,6.047656681318326,2.5096573984403454,0.03961608667334193,3,1
3038.0,8.362734077578562,3.640683709527165,0.09401386284152868,2,1
3375.0,5.5465572796058265,2.369347860342617,0.05913620458640464,1,0
3902.0,10.779189504196433,4.2103373151708645,0.2621707343811983,3,2
2377.0,6.6689218017191285,2.7034995211027892,0.033893436534239194,3,1
4837.0,5.62936984509629,2.9921086054049715,0.05319089386857993,2,0
3380.0,7.403289241635816,2.614414608290602,0.04416847676236105,3,0
608.0,6.8591555364269094,2.7990552955100267,0.03101096210027137,2,1
3352.0,5.954245153098756,2.0877318059370054,0.008997644476490905,2,0
1840.0,6.998074129629206,2.425396299476942,0.10162477345314282,3,1
1676.0,7.066910517069482,2.399003437406171,0.07125348238864329,3,0
4445.0,6.542547728535974,2.4351123798359935,0.08322240425037519,2,0
2073.0,6.7865256979149144,2.4421484257559665,0.060151964464126385,3,0
133.0,6.640380322587376,2.4722371306140136,0.11896623151585133,2,0
2683.0,6.4256560463038115,2.1652995256246284,0.08489326936066462,2,1
536.0,5.140577904231374,2.7391475769627642,0.018841575164575863,2,1
70.0,7.359905206624432,3.5443618410836737,0.0652407026679589,2,1
3247.0,7.995034544281048,3.3875825892744924,0.05485523597329272,3,0
3774.0,7.307026534525265,2.460135775929541,0.047097707170439894,2,1
282.0,5.926720735329294,2.642477737794194,0.048516271884296004,3,1
1992.0,6.892311518596137,2.65215028231088,0.025634423262694227,3,1
4162.0,4.530456209531149,2.651560846648747,0.11707723506164272,2,1
4765.0,6.7624380003961635,2.2592655699928987,0.0825039404588817,2,1
717.0,4.374116383186135,2.3050642878805694,0.10861448309952733,2,1
1069.0,7.374804555106483,2.439050348528447,0.05650265122903071,2,0
1523.0,6.399374572039245,2.0324117465490334,0.035492213775316916,2,0
2059.0,6.531636852509303,2.8215788266145405,0.025296279883348222,2,0
1236.0,4.657259789922625,2.4409822714207823,0.09915947666300044,3,1
3570.0,6.290181281125598,2.778909531968773,0.032964276187220476,3,1
4369.0,4.8127598783532815,2.1704003779601027,0.057252557365645905,3,1
1198.0,8.049960801188096,3.3295963427042508,0.06971188175983795,2,0
591.0,5.174255549212798,2.179134810613542,0.06446287614841571,1,1
4850.0,12.810819867697361,3.924719548922784,0.2732361184963207,3,2
1203.0,7.111772306621611,2.571308689798085,0.0392660136561946,3,0
377.0,7.846281248713465,3.0119173761965303,0.09667014890625006,2,0
1269.0,6.7578624842044945,2.4991529927786695,0.15081444801312852,1,0
3618.0,4.952884454267121,3.142455549309926,0.06272303356184582,3,1
2682.0,6.500487035303348,2.803512922808715,0.04567146977228354,2,0
3150.0,4.993938829160209,1.6254135429321468,0.07831682174310145,2,0
552.0,6.952196763401817,2.6331362165987744,0.07029826379800161,1,0
1149.0,10.805972558342845,4.084071623304712,0.23338389623541925,3,2
522.0,6.051002893920021,2.1862328820699797,0.13070514978785908,3,0
1681.0,11.230096314460294,3.105234998938899,0.22401682077454418,3,2
2044.0,4.433152739298461,1.9863129348774804,0.04951975238369096,2,0
2153.0,6.691040502071871,2.6876164747568883,0.011197148773080512,2,0
1713.0,5.844956938109045,1.7409475330254371,0.07765598828461094,3,0
3656.0,5.732088793709674,2.066880037925853,0.05504339345973637,2,0
3961.0,6.109154835623528,2.7622917919084142,0.07234037030636656,3,0
856.0,5.827653103292942,1.6447016613654584,0.06658137945393872,3,0
544.0,7.174347408721568,2.2229630691505053,0.05417277988134615,3,0
3442.0,7.717126243080274,2.917303442541305,0.01709953575553604,0,0
3881.0,6.3730500958361045,1.7516662677997492,0.13720614364101943,2,0
1248.0,6.446541064799098,2.8976242265895786,0.07428312662004774,2,1
507.0,6.6294530150373365,3.5709322078711585,0.07211267428580243,3,1
1423.0,13.530535735129392,4.423422151160164,0.24152683656361223,2,2
2250.0,7.34271051456943,2.2363718665008188,0.03397048931560975,2,1
4799.0,6.24476803491311,2.3501646584162255,0.056099295194515876,3,1
2243.0,6.502112121424714,3.0256701407877684,0.046858486104933386,3,0
324.0,6.026610201612344,1.8517623063719375,0.04495536193729786,3,0
4350.0,11.259545854851291,3.8099940346054026,0.27474570553747024,3,2
4637.0,5.994715771463449,3.0589440321917394,0.06735551010034595,1,0
778.0,6.9479272441631865,2.3616951808592193,0.08865017362069554,3,1
2913.0,5.753330235185116,2.7757552275560475,0.03253279905344267,2,0
4430.0,10.293728344825794,4.052468810148931,0.2206953962707292,3,2
3480.0,7.579447710041533,2.4438110200711827,0.0418960603091675,2,1
3384.0,5.498647554096271,2.736422697370937,0.0808794547193456,3,0
2052.0,8.202183894135024,2.5412533578581518,0.05515406669131313,2,0
4932.0,7.460028111644052,2.4347158715566506,0.0781364354937228,0,1
1220.0,7.146168038931862,2.5045185247383657,0.03674091118620143,2,0
1169.0,5.544361431559989,2.6421761602203984,0.1073261929933845,2,1
2123.0,7.881499593626131,2.376000123749882,0.03554634882205386,3,1
4606.0,5.775488481815957,2.4670576608322445,0.05118668954524343,3,1
1188.0,10.640626280752304,4.704993988313332,0.2527939706896987,3,2
4207.0,11.959355854337229,4.961983089055569,0.2663840764624543,3,2
4264.0,6.12528239983364,2.637888546189349,0.04380374875409699,2,0
4976.0,6.593413497962179,3.352303183533637,0.0527456468317887,1,0
4633.0,6.931095035947559,2.8754362221278007,0.017629498365770834,2,0
1458.0,5.783057557262843,2.4922412753968732,0.07838079851006391,3,0
894.0,6.346342179777606,2.5936858870783412,0.05534159156169907,1,1
2225.0,5.881019614855925,2.239213415769259,0.022315329633504903,0,0
1783.0,7.224056090251302,3.4132744403082764,0.06361965967611316,1,0
4420.0,5.242090173843451,2.258615143825065,0.03766222540940563,2,1
4756.0,8.585173160474788,3.292363246199307,0.0689741654948126,1,0
729.0,6.181268458138899,2.718050831727347,0.13001038855896116,2,1
249.0,8.930817515884492,3.681518315291488,0.06856805180168445,3,0
1669.0,5.560899814822104,2.2065221190779645,0.011499520172421217,2,0
3697.0,5.8257019335214215,3.064890850554264,0.0925557397578914,2,1
757.0,6.725549805920661,2.494757803173211,0.08756419428888783,2,0
2413.0,7.510739630517286,2.726079761981066,0.04615523718224905,3,0
685.0,6.187374877007725,3.4319373277783582,0.03093695281105726,2,1
4716.0,8.367183320792101,3.1549333846458514,0.06822687138802344,3,0
4529.0,5.832717012295452,2.3949399008829477,0.05199475879041724,2,1
3140.0,6.392315020601559,2.9779473403092425,0.03305657245477266,3,1
606.0,5.599403763034797,2.220547890453308,0.12970833090377754,3,0
4941.0,6.924520640881679,2.794074009539595,0.08346805709389869,3,0
2465.0,6.659410886196833,2.566404913785118,0.11842850709545566,3,1
3282.0,5.092684288543212,2.83644398097932,0.04951617277538368,2,1
1535.0,5.672541705066651,2.093941890359366,0.03796821352363298,2,0
4573.0,7.611341066114203,2.1985555089163458,0.057370706028053185,3,1
2450.0,5.347321183165588,2.3014126474544563,0.07589053388808785,2,0
2912.0,6.333617246495134,1.7577255991340026,0.13578940327950603,3,1
2421.0,5.134368797457123,2.2909433763854152,0.03955054996655541,3,1
2699.0,7.19312140258762,2.4449705773591197,0.04825167084387335,3,1
3605.0,5.6372744435119975,2.428292607008157,0.08279124492656925,3,1
4497.0,6.817654567046042,2.216332054230331,0.06841488506278828,3,1
4357.0,7.00657668520619,2.8268357243839297,0.1030584151808528,2,1
4073.0,6.756931371616489,2.034433494794272,0.015218096049421573,1,1
78.0,5.769265985221022,1.1143941942714877,0.09460309760887582,2,0
4602.0,6.9433908299110385,2.5188696323650968,0.07124086191942916,3,0
1032.0,7.545104436469535,2.7071888373684905,0.06801283213238046,2,0
4394.0,6.100984469060615,2.395352037556144,0.06261427785826212,3,0
558.0,12.161095902475509,3.422862537768433,0.29900867099322725,3,2
1035.0,13.653013104400767,3.8569358217824745,0.2231636018927536,2,2
3704.0,12.57529537536463,4.249044672158204,0.27971378658414564,3,2
232.0,5.407900140274531,2.4639454331141764,0.07179542431341916,3,0
915.0,6.180676650395632,3.501251621815154,0.06472476554382126,3,1
1953.0,6.397615127456788,2.603539692173471,0.06293329394008682,2,1
1576.0,13.705301648121118,3.6435611436674313,0.24601787549792611,3,2
380.0,5.497429753514932,2.8534844451193035,0.011035204064351923,2,0
455.0,5.092815093970189,2.8844186576765596,0.08741348532430125,2,1
1365.0,7.191446262490906,3.1866926108379787,0.059151252418836286,1,0
1983.0,6.965083013574952,2.57432228371378,0.08614770349082818,2,0
2506.0,8.341308605001899,2.8016841268335893,0.12101650688323495,2,0
2159.0,6.468570806687355,2.3099760021547535,0.07485126263701557,2,0
167.0,11.284270446419155,4.066250752761084,0.27046551793528106,3,2
598.0,4.742564531499699,2.3585291783677693,0.06614779951543939,2,1
1747.0,6.911810237745337,2.499185437380721,0.04073373259153945,3,1
4096.0,6.878054310541051,2.469417629560861,0.041268022044596654,3,0
4267.0,10.925323717186458,3.7102191389812984,0.23242918969169674,3,2
4750.0,6.4642583002711405,1.964586665380558,0.06412632986923786,3,1
3884.0,6.354104364843399,2.0684684844118206,0.09088940868890011,0,1
935.0,10.887038747550395,4.290309588219476,0.27802962066203163,3,2
1278.0,7.06719617545373,2.553533060962099,0.0313493555791116,3,1
1549.0,6.016829378064709,2.057526836687188,0.06909942823410496,3,1
128.0,8.496723894481436,3.139375855742993,0.059849649413841736,2,0
3695.0,5.441196773544623,1.9469630452137208,0.0448129496019967,0,1
2432.0,6.9153946347179565,2.8708473486283426,0.10978893452973763,3,1
3748.0,5.912057865949086,2.8202376519949004,0.09154915826888323,1,0
1580.0,6.857483909543922,2.621006052531021,0.11825584667580577,2,0
1758.0,6.387663663004038,2.3392817761883133,0.05358755560069422,2,1
1287.0,6.7410892508326725,3.0051700425711143,0.019768864947685493,2,0
1096.0,5.415415378281481,2.453253960599264,0.09786378044380545,1,1
4945.0,11.657959333465485,3.7747260386458836,0.28957642032683956,3,2
4050.0,4.8254128852541704,2.4836113069913024,0.058366652164058605,2,0
3028.0,6.333355242978427,3.249742095711504,0.026330590473376218,2,1
2266.0,6.410503039178845,2.1658026348049013,0.11880324126020848,1,1
3314.0,7.138229059116408,2.7343617001228093,0.0876522440584724,3,1
4960.0,10.275669005441879,4.389702831132115,0.2626102793390698,3,2
4160.0,5.708743152404771,2.2501758830791965,0.10551319737914966,2,0
1970.0,6.666598081400462,2.9354967837434947,0.05012936214247985,3,1
2879.0,7.430522915835016,2.473875349916764,0.03636519558739877,2,1
2938.0,8.191494674105357,2.9442149729511473,0.12604337603554755,2,0
2843.0,6.8804160257607885,3.4227735359090308,0.04629848194975756,3,1
2554.0,13.676999394855399,4.803935499473741,0.30766585888229125,3,2
4218.0,6.247092104855255,2.6023111627755,0.021932468210306453,1,0
3498.0,7.456133139520716,2.7199462368959053,0.031280052160628465,2,1
2007.0,5.541200317824675,2.5243736973894246,0.07841384073236282,2,0
189.0,5.799736606553909,2.5126042799858332,0.01235073139817015,3,1
3713.0,7.0462542487070845,2.285065226423168,0.05292817696357609,2,0
696.0,5.761691854656242,2.3754322846971165,0.04447430851811365,3,1
201.0,7.27471596671631,2.541712265292499,0.11587841615672864,3,0
3227.0,6.221657332210849,2.813899315499378,0.09596391613134704,2,1
51.0,8.567069952368177,3.3401590120906093,0.14146527891716096,0,1
4760.0,6.761230401052221,3.574128701741713,0.05072711191922332,2,0
2460.0,5.815608926552979,2.734435159458572,0.03935241277386919,3,0
4775.0,6.974102051358819,2.8117094315615767,0.04701062722694406,1,0
3250.0,11.757259550894126,3.922560715711542,0.24329143930450897,3,2
3206.0,6.723265855901808,2.6139605928165164,0.0670746812527745,3,0
1176.0,7.2668329544404315,2.2694671278039684,0.12880835020411543,2,0
843.0,6.483140054257709,2.7852676262993374,0.028594279607058154,2,1
1401.0,6.144952146920701,3.0293063948180876,0.040608934432299924,2,0
1639.0,7.70478218464822,2.9615297478242617,0.017922387211961592,1,1
4416.0,4.532950028760377,2.8960747324107903,0.07225444802293289,2,1
1110.0,11.286778988005038,3.1182283353636824,0.263963022259795,3,2
3261.0,5.1500264193095004,2.306491560525054,0.08950460902742728,3,1
3691.0,7.7830221249270695,2.8959034862961284,0.0115387431881706,3,0
1698.0,7.530840817436026,2.9321743787244245,0.08124686313358279,2,1
2582.0,6.045366067236433,2.27403454085465,0.16714977280679574,2,0
2354.0,6.5937674553889725,2.7238585160298907,0.024922856888904443,2,0
3885.0,7.155131450620235,3.0712416303820422,0.05604520558649924,0,0
715.0,6.322441206045593,2.6447445828373835,0.07502422546342144,3,1
1766.0,6.399333955996827,2.2829418773034247,0.02083945615347557,3,0
191.0,7.3015483796560705,2.610382276316951,0.13358197933292784,2,0
4140.0,6.6875504862125315,2.746100452096746,0.027765259891879997,2,0
3856.0,6.162793764448442,2.317722703511391,0.10876083582304788,2,0
3633.0,5.862312556930441,2.0447313559741165,0.09377776476208002,3,1
2102.0,6.782751981778501,2.722880199002702,0.047275795913285505,2,1
4911.0,5.314663123608506,2.281606221876946,0.05710464727737098,2,0
2791.0,5.492048406804524,2.856612563247066,0.04313490350906071,2,1
1107.0,7.709225512086123,2.512413700128364,0.06849266990490045,3,0
4017.0,7.342246646343701,2.347122278989374,0.06416130910912861,1,0
1993.0,8.003607180853772,2.333021200555311,0.05463652514713317,3,1
313.0,5.191874680747762,2.506768669637819,0.051003607494356756,2,1
1007.0,6.155682488819811,2.635316548334495,0.05150564145184522,3,1
841.0,6.914894879179649,2.8197521248192117,0.13636243190503203,1,0
4359.0,6.744875100653855,2.7561654774267357,0.017089395779870474,1,1
3382.0,12.283144943697742,4.088923174199859,0.33210529374113834,3,2
4685.0,7.406607970740782,2.0715954827806113,0.05444805777518616,1,1
4003.0,6.7987434755555745,2.3614673472633125,0.14641868044171857,2,0
2706.0,10.827187863258665,4.010658060919393,0.2815057985440941,3,2
4852.0,6.220975398621467,2.264758995025812,0.055993986404710566,1,1
4273.0,7.056886547903445,2.4523987761156154,0.1127828485412069,1,0
124.0,7.196459928822604,2.494584485184035,0.15757332839776655,2,0
1306.0,5.7696378515155295,2.0607677014686097,0.004732901564238811,0,1
100.0,7.5457640271882225,3.3796830058846834,0.03117749977559636,3,0
1672.0,8.434543750369546,2.0224469660449036,0.02887400789131039,2,0
4083.0,6.893141935791674,2.707021477864732,0.11968218173698525,2,0
4720.0,6.3778952421998305,2.661790666726809,0.04127587444357701,3,1
875.0,3.8878756954061124,2.1389924722967377,0.08386235434507089,2,0
4063.0,5.6437768710051905,2.315917886037977,0.1498591965116297,1,0
280.0,7.8805412949687375,2.8291681607360335,0.029016495494803805,2,0
2872.0,8.741544872408904,3.30858331645246,0.11157301444791744,1,1
2852.0,7.706405887771907,2.0804109604452403,0.01898456628016021,3,0
2967.0,6.951690847969466,2.5707498811514817,0.004076553122726789,1,0
1630.0,7.8972914343970215,3.307307547163363,0.04251652179923804,3,0
4467.0,5.673304684840843,2.8807633486781192,0.03573219357130997,3,1
2203.0,4.973047158508648,2.2242792549992183,0.023036078697666468,3,1
646.0,5.8475005527505015,2.401107252112042,0.0942345934945017,3,1
2012.0,5.496541007425081,2.560247077322296,0.016839218144076552,2,1
1429.0,5.299405460768023,2.25301883878801,0.03830604974402147,2,1
1346.0,6.400207868481057,2.262050962343686,0.017059896244596133,2,1
3050.0,6.470311473490467,2.7877249031058096,0.05626482852122475,2,0
3835.0,6.907938260467743,2.2970801806767485,0.028173669785584075,1,0
1508.0,6.863037218395032,2.761791197831262,0.01783604998030776,3,0
1457.0,11.16530518430121,4.0199560514408414,0.314375264345121,3,2
3768.0,12.00158297931346,4.030954910565131,0.2509530267853127,3,2
4320.0,6.212261815750424,2.500626369709592,0.08557559821745626,2,1
3501.0,7.124692273908402,2.7133355473278526,0.1208557664696848,1,0
497.0,6.589559004773838,3.2440231807500637,0.0703042614560093,3,1
3723.0,5.856825490816969,2.8228167591142563,0.10671421884510748,2,1
4813.0,5.307802952456588,2.3882682317230572,0.01037230804386657,3,1
38.0,7.040286590315248,2.132793358181377,0.033229097312396906,2,0
2104.0,5.4303962429634485,2.4884547682308176,0.07009823583822161,2,1
3792.0,5.713258463591546,2.6551417184234753,0.05635136704777165,3,0
3603.0,6.411677683940056,2.6486872738656304,0.04746859049734698,3,1
2099.0,7.464567317763786,2.371143313818124,0.023910914745435583,2,0
655.0,7.667607394820115,2.2430206833617437,0.05996998478443589,3,0
3103.0,14.295667012609986,5.0,0.2695485136302418,2,2
4142.0,6.62309198427509,2.7709932505691626,0.024879841156792044,3,0
4060.0,5.414393297786479,2.8196372094587474,0.06836469930797802,3,0
2141.0,9.949854941924144,3.66805467144585,0.2433692731634484,2,2
383.0,7.390853244049424,3.1254109549096385,0.006208711530863775,2,1
2406.0,6.498447358303943,2.9979589495416916,0.09983796820768696,3,1
4809.0,14.233024187070948,3.4941322028831663,0.22058301879889403,3,2
3467.0,12.57701086165711,4.278549277413387,0.30895534734678864,3,2
4194.0,6.831587552877134,2.854454213591744,0.14715948682772725,3,1
4000.0,6.316175927937316,2.9189126447821816,0.0661801151181581,2,0
2907.0,7.604163705858493,2.8136510413269904,0.021217963981967628,0,1
4675.0,6.844668626950216,3.257328339949971,0.09131707055347399,2,1
4903.0,6.554531979776482,2.942770850040748,0.06761482892359526,2,1
2042.0,7.860114401100116,2.7833898115157503,0.06523507363926322,3,1
587.0,6.400598485145035,2.0381168912275878,0.025124022230663116,2,0
75.0,5.685979229039996,2.565498980462458,0.036720819396215444,2,0
373.0,7.4880973731342175,2.5114890789322435,0.03742936158869219,2,0
1674.0,5.839878166815857,1.7345094053373908,0.12302024679829417,2,1
825.0,6.941235658667615,2.479805784937101,0.0027491705569135986,3,1
4401.0,5.546357236502818,2.6519402113897725,0.027354229019197172,2,1
828.0,11.623775053192004,4.077216735858805,0.22281810952848036,3,2
4358.0,9.754233868770704,3.121601748529673,0.08180682467054562,2,0
4840.0,9.511708645712558,4.139671132435615,0.2182808337411493,2,2
2247.0,6.047769325891416,2.570787921402902,0.05090663827962707,2,0
4629.0,5.763295476962622,2.481378119889087,0.1361519839022867,3,1
3934.0,8.105921888543655,2.788056441180871,0.12025190077486309,3,1
1795.0,5.914006543408918,3.065142003654234,0.11159400943848438,3,1
3030.0,6.264781840815118,2.1901570373871433,0.06247924653695084,3,1
4538.0,7.644328582305316,2.422530839598115,0.06508921627106597,3,0
4067.0,4.514224459214842,2.476801916240023,0.12885104892457744,2,1
1615.0,5.2771134889201665,2.333941674387429,0.026441504027573844,1,0
3979.0,5.321338122776682,1.9631775311229724,0.007614718070132804,2,1
1728.0,5.656455014593561,3.4277838175630473,0.04148586483900297,2,1
1531.0,5.8968604617946685,2.2933319839894266,0.047729467737486216,3,0
1562.0,5.64312720880185,2.036503095691224,0.02137892564884221,3,1
4936.0,6.473353779413867,3.0044573712766467,0.048939662103385455,3,0
3249.0,7.301533472685564,2.703514494057244,0.027287824202031817,2,0
4991.0,8.098754095986742,2.7842719797765842,0.01851851795109147,2,1
944.0,7.434189248311612,1.6706611575443602,0.05499670951680453,3,1
1634.0,6.488603917920989,1.789194028360961,0.11870265560880412,3,1
1114.0,6.502457854448931,2.1291109796801395,0.0342022875609184,2,1
1599.0,4.676737493513835,1.9079879215862265,0.02611039979130725,2,1
2645.0,8.234539975453055,2.3751537981042126,0.08624290446175896,1,0
3857.0,6.793594605649789,2.971220171395591,0.008784307340808095,2,0
2417.0,3.975418125117621,2.3285479168882617,0.022784350905752256,3,1
2875.0,10.741758169948444,3.329822020625957,0.2599268424575653,3,2
1675.0,5.531552654703729,2.7536587959844114,0.008099850655539724,3,0
3882.0,6.223996336937526,2.270891174837265,0.05854743362824397,1,1
4177.0,5.652584355806674,2.5029644185044715,0.12906111400100376,2,1
2796.0,6.934961155225142,2.4907795332134306,0.06428069909793369,3,1
4391.0,8.173803076265692,2.5738952400137833,0.074132663237135,3,0
4482.0,5.826608864389671,2.7275002652786347,0.016658280152459744,0,1
1963.0,7.168515309878581,2.7329478306468946,0.05239222501749132,3,0
967.0,4.464436297931207,2.2079908527683565,0.1084950944117437,2,0
4835.0,6.26050637683034,2.015487094103028,0.08193507768016035,2,1
3158.0,7.870486330747514,2.7272901125496607,0.06506110139019411,2,1
1843.0,12.442151203090349,3.7017918667763743,0.31100941050635583,2,2
695.0,5.774262064048623,2.2164795584881087,0.04085563621092061,2,1
2486.0,7.349838636625325,3.329114479348549,0.09491166060581994,0,1
4677.0,5.070957772485188,1.9369452192683327,0.04037086050652168,2,1
1794.0,5.4836329189137825,3.3833283621349377,0.03247232300278591,3,1
4339.0,5.266408585193464,3.035223261396852,0.033507468880304696,2,1
4143.0,5.793856477447601,2.2634038084945787,0.04171438479076448,2,0
4585.0,5.6929905984975875,2.640316119130124,0.05892663992610521,2,1
3771.0,5.848417526717632,2.899340562876694,0.020886948858755774,3,0
4877.0,6.988311316567925,1.925985107597845,0.023945461945337896,2,0
2775.0,4.312396549859754,2.5771658450595334,0.07342213831074562,3,1
1799.0,5.502284125572961,2.5076845303101853,0.005671967530432052,2,0
4737.0,6.344453166722321,3.4133107286251296,0.09340863727739283,1,1
1159.0,7.942353255419513,2.7592052054622043,0.12134949801045486,3,0
1356.0,6.132929435503743,2.0790553681935204,0.012316437126094601,2,0
2027.0,7.505366477918463,2.5444779273927605,0.07459977404089976,3,1
3518.0,7.037772921497164,2.205717904011502,0.07242425725163444,3,0
957.0,5.811786103558261,2.968792999588748,0.008391511560455285,1,1
1546.0,7.309302155690556,2.8966640920043045,0.06370777959873761,2,0
3430.0,5.650942148507,1.7736973616526652,0.05060464984545753,2,1
4830.0,6.763438343259739,2.6306633805019377,0.11533104754092424,0,0
3474.0,5.823772482000325,2.1223980984837643,0.03520412232311513,2,0
1175.0,5.93160895648052,2.2230051779323095,0.14200675938306517,2,1
400.0,4.351326570410775,2.1138716800628945,0.13063086536543356,1,0
245.0,8.165769444673641,2.5680014195261918,0.027877337639376002,3,0
3939.0,12.664436647883864,4.482376603201851,0.23313848351324432,3,2
1483.0,7.802717544219846,2.280230346681717,0.1558956132457896,1,0
2457.0,7.103554442396086,3.4830363713447543,0.0662720205320368,2,1
603.0,5.980858218719449,1.4105373920867406,0.09921258747946976,3,1
1503.0,13.794975528231877,4.109700044593103,0.21657157362336674,2,2
271.0,6.737369441303826,1.670164541358525,0.06069184660874722,2,0
4688.0,6.356646826777439,2.3054902089776075,0.11148132576517135,3,0
2462.0,6.39158616721487,3.237226006514926,0.03826897389749595,3,1
477.0,5.700814067719759,2.800289224366365,0.007509381594756675,2,1
653.0,5.346983636296279,2.5262205455067184,0.023756870263648013,2,1
3634.0,6.205993780488191,2.9451801704110117,0.15023303024502155,1,0
2960.0,6.414769115904249,3.1946601366205734,0.048646052726407485,2,0
2841.0,6.452051018857205,2.7077801494052265,0.09061026089811497,2,1
991.0,7.416045342032534,1.950231330013739,0.13801732417513637,1,0
4619.0,13.530925451692092,4.452572984905427,0.24660506788247336,2,2
4729.0,5.037776510779813,2.6738507839031302,0.10907813830383614,0,1
2077.0,5.046905057276564,3.952257976546907,0.06961641482236085,3,1
4101.0,8.510074675880126,3.2279511931785727,0.05808052409283282,3,1
17.0,10.763163905419981,4.188195999076051,0.220524300510888,3,2
4399.0,7.235078208274119,2.3226222502687115,0.057777644019796154,3,0
1420.0,7.622250879215357,3.7047037114071304,0.010884311271593356,3,0
3564.0,6.539012113088974,2.28176384998895,0.025469931904479458,3,1
2686.0,5.703824450992818,2.011631020757217,0.0884592836608205,3,0
2338.0,6.133991502696402,2.1488607858589353,0.08156815052073357,3,0
361.0,5.026886301235852,2.4328945631846777,0.10007286375374165,1,0
4598.0,6.037557865266941,3.1265399197277177,0.08581940240379556,2,1
1884.0,5.574233783369968,2.124494851686785,0.045936203065112216,2,0
2128.0,11.733911344896176,4.144566643561844,0.2976111862096976,3,2
1594.0,6.183767652334385,2.20110233069626,0.05576516794569684,3,0
1763.0,6.258570570324042,2.4765833071075583,0.05360569250927194,3,1
2355.0,7.934207200145765,2.745395876260944,0.04945623686382317,3,1
2846.0,6.060836887375367,2.449174599949395,0.07033384652470681,2,1
4542.0,5.540585604358291,2.0435909021373924,0.07137050235938708,2,1
1597.0,5.793794039700945,2.33353945551485,0.06093365323397357,3,0
179.0,6.603614273854561,3.333808315312485,0.08482106541041384,3,0
2032.0,7.197905515289947,3.0208129764044873,0.01594314523322032,3,0
19.0,7.98712494119813,1.9855067389403782,0.006104016494194658,3,0
4221.0,9.38648003608327,3.6255869523425326,0.20871466109207568,3,2
87.0,6.457922965829762,2.8764727148818676,0.0148438975762698,1,1
1170.0,7.195133199283234,2.3933292772004076,0.0412404626348567,3,1
3824.0,7.117298191734505,2.994508849123095,0.11986449185741538,3,0
3826.0,6.676905585283971,2.529407564234644,0.05664219675637723,2,1
2840.0,6.3809953627408635,2.3212499028857487,0.06484405032545314,2,0
2726.0,6.211900948544541,2.4467349533888676,0.03639258968977601,3,0
4244.0,5.831788899006469,1.9291202312295326,0.07999285862140262,2,1
2187.0,5.929281508364073,2.969296710877663,0.09183652035764671,2,1
1866.0,7.8494755673722825,3.7608320313501657,0.10562878061191143,3,1
4917.0,11.230118489538551,3.465099398948156,0.3491630550549618,2,2
4594.0,5.170409721909486,2.0988790155472663,0.0062695532320264195,3,0
4653.0,7.190906486049151,2.8924587247235727,0.07460420636781297,1,1
1946.0,8.021652139951115,2.1266132277387024,0.07492173335923502,2,0
4171.0,6.670078807158638,2.6466929131302033,0.014694938707293975,3,0
3912.0,6.05080446109743,2.5726511048640752,0.049045857230614075,3,1
3406.0,6.63760157615806,2.444475671180434,0.005682474900339055,2,1
1573.0,4.902996744187783,2.571533300380669,0.03300889886772437,3,1
499.0,7.15518769933801,3.8853590529961215,0.07153513796185773,2,1
3191.0,6.7871112089287156,2.095673777106527,0.040675015451141834,3,0
2392.0,5.6209393483456545,1.8829637606955836,0.06434485242270781,3,1
2578.0,6.707552336776657,1.7251813792761408,0.04175958596407973,2,1
3469.0,6.356192814586394,2.226432898894072,0.06192957642166387,1,1
4913.0,5.5078900151227375,2.0010424153391893,0.04258843911773048,2,0
836.0,6.786263760047842,3.24754168951608,0.03742212722331161,3,0
3107.0,8.077283990606356,2.0392455628471127,0.06085727822345382,1,1
2020.0,6.348014665715672,2.6084229751800136,0.0164445193554039,3,1
3512.0,5.1896724919272685,2.4470339814574897,0.08091107727208842,3,0
2551.0,6.430276886716209,2.2578345192399984,0.06693485184450305,2,1
1994.0,5.002770362181574,2.0203824610296977,0.04421847800871319,2,1
569.0,8.278026535784797,3.4665153925755314,0.02809301769171803,1,1
2233.0,5.631206407738188,2.8406741401993036,0.03454078797378751,1,1
2272.0,5.760049660993954,2.463203329974327,0.0767840261021686,3,0
2091.0,6.818018425886456,3.4367967430854414,0.06561208824734403,2,0
3371.0,5.778329707411042,1.7856167935466476,0.01555544275378633,3,0
3066.0,6.727143672471321,2.767604728151081,0.054779277534982636,3,0
4260.0,6.327876917548623,2.921601757212154,0.018486261517016687,3,1
1850.0,6.078519166354485,2.3555664121657482,0.053611050234281,3,0
2923.0,5.016824056580658,2.705836289371847,0.07920745901445252,1,0
2977.0,6.889895139712233,3.2992430481193575,0.08834305145919738,3,1
4159.0,7.198837955849303,3.074938375923515,0.11782782689532773,3,1
3929.0,10.749781519961132,3.548846063275174,0.3297292070756569,2,2
876.0,5.7819447999948395,2.1812659616776466,0.04324498099663907,0,0
1011.0,5.455098831989927,2.2405841930110233,0.03619743341611794,3,1
391.0,6.814065709459718,3.1050767112554554,0.12277837780729467,3,1
237.0,4.749004214096516,1.8256422583619862,0.07851514606534472,3,1
252.0,7.191770099578155,2.814818185009597,0.004566760936838858,2,0
2615.0,6.1181056381821515,2.5129785583802775,0.11053262762533611,2,0
4484.0,6.820505143835128,3.1124991776907738,0.05051445324902864,2,1
3481.0,5.035277561704575,2.661575065862901,0.05993889638635924,2,0
2891.0,11.78749646488491,3.7138252033378327,0.27902450851699356,3,2
4472.0,6.52652119768113,3.100093163894546,0.08205450308403263,3,1
4590.0,7.159773108234295,2.003755185412172,0.028913194411908007,2,0
1284.0,11.276840942006046,3.228209674205707,0.3154409933539869,3,2
2644.0,13.066595786962818,4.40879590295751,0.2415683269677353,3,2
498.0,6.171259628960767,2.396199345907888,0.05672463137548694,3,1
158.0,6.89648703939829,2.5830531186722663,0.018818187909487444,2,1
943.0,5.564167503593602,1.9551926355176437,0.03127403852833415,2,0
1133.0,7.170058834980048,2.3167476036303345,0.10701988761823596,2,0
2857.0,6.507560859713907,2.453747627878369,0.016010913440811292,2,0
2657.0,11.96247513905946,4.2198587590466285,0.2985997246739165,3,2
3402.0,10.426448571383924,3.8609385374846226,0.24249711161637627,3,2
4184.0,6.492578978928676,2.2068228869676982,0.0646877790896579,1,0
2467.0,9.046884867537575,2.940001270011307,0.12233325577815143,3,1
1708.0,6.956869237007272,2.460835555956527,0.03657758625295735,2,1
3559.0,4.946657839339824,2.3938480082204325,0.020544892360456316,2,0
1769.0,6.282492140776797,2.388854816004756,0.06490382505916599,3,0
1847.0,8.94152031469213,2.8960570310564955,0.11565360440737886,2,0
4279.0,5.807543680851948,1.7980519058007554,0.020490952059243762,1,0
397.0,7.7023106841943125,2.6233613968450444,0.15223619038961153,2,0
2603.0,5.3257289449094545,2.2121310500234466,0.02102159215360159,3,1
1848.0,8.921572219759872,2.821856417140157,0.03826585558131759,2,1
358.0,6.661877171692073,2.2773191247328244,0.0037626530556017614,2,0
780.0,5.025604813976793,2.42099352286389,0.10461248625209042,2,1
4005.0,6.346228939704347,3.352457828965696,0.03867508317344304,2,1
4333.0,4.239855935892312,2.420345248613149,0.04297373578784943,3,1
1090.0,4.714938671903203,2.9760082854047103,0.040509460832320245,2,1
2016.0,8.297976245889839,3.225945027451733,0.06940552048758224,0,0
2939.0,7.134492479807571,2.74083403697654,0.034330547356462404,3,1
4657.0,7.821494471625664,2.2447749428791055,0.06106215573257569,3,1
4545.0,5.50896905567798,2.0504291023818,0.07058962544538774,2,0
4610.0,5.265318337794767,2.711666537294488,0.06306858174170749,2,0
911.0,8.057225906854502,2.43301942868761,0.0583541215289834,3,0
2271.0,11.227201901619145,3.5844334456845353,0.2799697391675375,3,2
1584.0,5.681624869844304,1.5543168594805428,0.01277037997207363,2,1
740.0,6.006805127115397,2.432194227313075,0.05164537340007044,3,1
2174.0,7.119124676489164,2.50536759197654,0.07191025533004078,1,1
417.0,8.239166253739135,2.4688697737599865,0.028912321880450613,2,0
3337.0,5.7040705549935105,2.7075015264693745,0.09500073933858608,3,0
1853.0,6.3822394297825715,2.247607252678135,0.06585332166957603,3,0
4025.0,7.675572559614145,2.238714095970059,0.11097266223572487,2,0
1008.0,5.690297982513325,2.4266973434557113,0.11673649106946846,3,0
2062.0,7.220397368893187,2.694735588652494,0.03863258800721422,1,1
3730.0,5.170734222437941,2.1944465668454467,0.1399856145504604,2,1
2762.0,6.2697171327716354,2.920272408883462,0.0322677993252913,2,1
4032.0,7.822751716519873,2.7150455359276933,0.07419843882468044,0,1
4524.0,6.863983343485193,2.452426640669452,0.08887288783739217,3,1
295.0,11.408694968151064,4.148793430084636,0.2942318958249367,3,2
4323.0,4.871064506880705,2.728779414810546,0.08738686192819951,3,1
2690.0,8.052204385116976,3.2652441717183986,0.045412284127846224,3,0
4860.0,4.578259974738767,1.8622006451499686,0.027682016071202988,3,1
4776.0,6.741261170044455,2.9054267927464794,0.06154433446187333,3,1
4149.0,5.721472618633268,2.647773133181689,0.08242789329250406,3,1
4881.0,5.3325457865996,2.2753177104543467,0.1017266643902046,1,1
981.0,11.904459247354593,4.379834184902894,0.20577166399883132,3,2
2916.0,5.901555311317582,2.896588795183076,0.09208158023994119,2,1
1544.0,6.0783113396260084,2.5822959345360004,0.01791640860825542,2,1
3662.0,5.761541840877276,1.8127232237622894,0.13760357095346656,3,1
3801.0,6.951540195021529,1.8974665396946995,0.05328099636155161,2,1
3733.0,6.1389468464552355,2.5395472016687357,0.03761132213435239,2,1
2472.0,8.150239933604867,3.3890760930049577,0.06791969299475763,0,1
3392.0,6.066373004089483,2.8459097828663973,0.14375466816915597,0,0
170.0,12.654093454493578,4.297914743651566,0.2704701997364555,3,2
80.0,6.228982403000928,1.366655536723605,0.011522383760108954,2,1
210.0,5.852380631529868,2.5372921681220464,0.009315431318028127,3,0
2262.0,6.338844025128587,2.8845901443478366,0.06809005227106256,2,0
3400.0,6.045536531669907,3.123551106946074,0.04379231183913902,3,1
183.0,9.25173188592739,3.5473636015686325,0.05439879452417268,2,0
2583.0,5.158411947027607,2.576528827248179,0.08820473399652483,2,1
3575.0,5.214607488062279,2.698769267471127,0.05227300334768433,2,0
351.0,6.786973573506015,2.1454749239093087,0.0730389755440941,3,1
605.0,5.568614909589687,2.4975825682977595,0.04818017131852784,2,1
4751.0,10.640641745865572,4.558190823577112,0.24605781381810207,3,2
336.0,6.844990358840483,2.294810711769979,0.019439360985600496,1,1
3426.0,4.9287816834233835,1.987619655592611,0.053004823506963956,2,1
2542.0,7.382366005777827,2.8600560712493994,0.0390350698288891,3,1
3744.0,11.991581922832559,4.222525668422104,0.25710893666599544,2,2
2264.0,8.756402063661344,3.388262267464831,0.027444656552539675,2,1
4139.0,6.078190750327245,1.9743642014613694,0.04705647146587583,3,1
3290.0,5.151684402722785,2.173953030241429,0.054335189751753485,2,1
3596.0,6.160231658990761,2.8271538384657418,0.002211168496219212,3,1
3957.0,7.123269356960838,3.715125612588037,0.04970822146483517,3,1
636.0,11.053300259040132,3.8995951085073015,0.3192862051486137,2,2
4547.0,5.913399890648128,2.986154174468726,0.046940254487850754,1,0
2497.0,5.727676834377887,2.4437965447186913,0.08647466200308904,3,0
3891.0,8.032328749875314,2.3086877011890707,0.021234338275685802,3,0
1829.0,6.792017398893888,2.4063962095025158,0.11117191168544799,3,1
4384.0,6.434119733672617,3.2640651228562887,0.19191190680533438,2,0
1358.0,12.590145306419789,4.841241405347965,0.23489485354887366,3,2
1117.0,8.281908221643752,2.2619265082243953,0.05399705053561798,2,0
4537.0,6.36726357221478,2.508082414824058,0.030490048815499445,3,1
3615.0,5.997796095293496,2.680197244695061,0.02952685570442531,3,1
2276.0,5.676499559142181,2.12852102183405,0.02589718937814588,2,1
1931.0,9.902173914773137,4.099242095944966,0.2416189718753903,3,2
253.0,5.412527669096223,2.4479578007183593,0.12235778249230608,2,1
3565.0,5.3959932282957475,1.8869516815992775,0.06714343792018182,3,1
1319.0,5.814026001502503,2.1840512555047997,0.0450482355438045,2,1
830.0,5.843178975818514,2.5858855151882696,0.12384453945237087,3,0
4249.0,5.430182499608996,2.4476075172444696,0.055390540347026736,3,1
2440.0,5.731485951141728,2.867006460981088,0.04616244650845553,2,0
3807.0,6.125974808862625,2.4645151691152924,0.017607679932527064,3,0
2288.0,11.375094435932393,3.8122577310027133,0.34800274569707756,2,2
214.0,5.410792810200941,2.89796866544246,0.03808987451614976,3,0
3632.0,7.312823836539368,1.87163967954498,0.02632909800335266,2,0
1028.0,5.346844395254257,2.314373572035301,0.02787587378189325,3,1
853.0,6.543785531207676,2.047306226858494,0.028662168303307617,2,0
4690.0,6.636330070500449,3.51437630400806,0.05049369196387016,3,1
2334.0,7.556676037079221,2.4349776524556055,0.06399588831612053,2,0
3808.0,6.865099982287071,2.7077446541204107,0.11716751923834404,3,1
1541.0,6.913228597256662,1.7050279017306342,0.08614651028859917,2,0
2351.0,11.631291167618405,4.033045572034458,0.2100810748506554,2,2
1131.0,5.497855677270922,2.0064587837372154,0.012111298547120819,3,1
1482.0,4.756260630396831,2.0581258300752743,0.07060894277402419,3,1
2162.0,6.507008903165484,2.5330090676790173,0.0623402377724253,2,0
4119.0,6.235429238715696,1.641294057602772,0.14052596370786122,2,1
4682.0,6.488368667982713,2.146449981542106,0.13320304056773385,2,1
3232.0,13.347150590605452,3.9766378987863638,0.28541752427685185,3,2
820.0,6.553751653217545,2.3680001773454236,0.04637303170722855,2,0
2445.0,6.269528179406123,1.457587901321102,0.036363592990382373,3,1
37.0,5.859174566068126,2.6952634121050556,0.029503920329977326,2,1
3194.0,7.360569274690404,2.9774137102621334,0.0497954148293157,3,0
278.0,5.0496412102220045,2.026682964359327,0.06907575732647897,2,1
2227.0,13.651713741115405,3.8162995221134097,0.2656107752822574,2,2
794.0,6.691535514601297,2.627997421181093,0.012973493233431752,2,0
1892.0,5.392053481228909,2.70461365976114,0.07966773975292876,3,0
1020.0,5.859980726728206,2.7635263432970065,0.050246797669814595,3,1
2725.0,5.726004720872592,2.7643080972838465,0.02512919900773362,2,0
3542.0,6.7907474220582795,2.205922407460391,0.06532630923831596,3,0
352.0,5.838401073605403,2.410752878757489,0.040554867729206,2,1
4680.0,5.7895747079059285,2.4096947991747033,0.01636816776247175,1,1
579.0,5.319133887737331,2.383821264699012,0.07540833786235877,3,1
3538.0,5.735759699231336,2.5364566687787486,0.05176614364482505,3,1
4724.0,5.149306677548772,2.45428091251862,0.08426302618294039,3,1
3797.0,5.698231173449952,2.49527737368912,0.09223552702535728,3,1
3438.0,6.647835975232675,2.396522656664397,0.09104211392704191,2,0
3520.0,7.755689933424841,2.2692281667137015,0.09299555213273138,3,0
3583.0,7.603624887006024,2.809481560910295,0.07555718359141556,2,1
1656.0,5.7011429390551935,3.3886283685427077,0.12018533973653445,3,0
114.0,7.115141811825676,3.032761881421992,0.0653071908092091,2,0
1239.0,7.654544885764035,3.1577139297115444,0.06766385709136266,3,0
495.0,6.412933636025136,1.9149514826670817,0.06634089182325216,3,1
3087.0,5.671827789525445,1.591815779120818,0.04072766893992351,2,1
3136.0,14.314402495886803,4.127932650885203,0.2020612036941581,3,2
1824.0,4.2210528038073525,2.212405061704529,0.1364521903011646,2,1
1591.0,6.6737114567489515,3.198402113372067,0.04936281902982085,2,0
1101.0,6.52704772547793,2.3151967197589296,0.03309910185424496,3,1
3239.0,6.40368094158184,2.656946814519689,0.05060871598458095,2,1
2558.0,5.750654940120887,2.741766917090489,0.043727082535863326,3,0
2527.0,12.73951336311336,4.241040749708901,0.23860259897279026,3,2
3346.0,5.913295877798569,2.669586034900915,0.08824983246229752,2,0
2084.0,5.400053428638106,3.119995068246144,0.061291996582341274,2,1
1715.0,6.620236899500507,1.9591379120632928,0.04160431470337967,2,0
1735.0,5.988141165018007,2.4358548581310457,0.06563329504451933,2,0
2267.0,5.383380440168442,2.5324945015849147,0.05768938036858715,2,0
3838.0,6.475329321213472,2.2226503177091113,0.007868999377406038,2,1
3176.0,5.420600344309324,2.254493603837566,0.04999429564557401,2,0
3561.0,4.937672447909797,2.1629277077202396,0.03540275324901435,3,1
153.0,7.20088741804313,2.7237993820265016,0.1535735739363196,3,1
1893.0,6.983260003039093,3.1209218853916534,0.08154188256554008,0,1
901.0,6.046998045159856,3.222889759686109,0.06363535948736254,3,1
4093.0,6.7955472043971135,2.4189031932022034,0.028730535952566947,3,0
2800.0,6.176770321884396,2.102302353408192,0.043401184257543295,2,0
3047.0,7.301477981376427,1.916106734164432,0.039096176782731785,3,0
192.0,5.925380960678016,1.7470518532975698,0.07740681841733867,1,0
2904.0,6.919285435162892,3.235472036911004,0.00840781643819075,2,0
4974.0,6.249342444127106,2.4045190799081633,0.15653442184605557,2,1
3887.0,6.795590723972854,3.2543040820753504,0.07604435622763835,2,1
1982.0,7.008857629850575,2.9801491325846112,0.05912354855472491,2,0
1798.0,7.658339821706763,2.887203051582027,0.06342048199716482,2,0
1854.0,7.757254222629923,2.8787327927372157,0.0879177589007745,2,0
688.0,6.7326978110467985,2.326690111022585,0.03463322184357481,2,0
1620.0,4.838092273561256,2.9305279156450874,0.07568639024977288,3,1
1896.0,9.474228253896472,2.593050009055584,0.055162895106552846,3,0
2360.0,5.997055022785716,2.3830321960789735,0.020508744333867783,3,1
2584.0,5.6071789951595195,2.4077242131885384,0.12979841396004044,2,1
4641.0,7.946080099865943,3.5216848210715805,0.1019422778276365,3,1
2427.0,5.854486895610332,3.2752595151621318,0.152379835015707,1,0
3456.0,8.636325220072136,3.1827407676992205,0.0786129744154176,2,1
42.0,5.733109125107251,2.60915281535951,0.06344914441312292,0,0
202.0,5.7541640391219815,2.5180816432845243,0.0549408468739095,2,1
526.0,5.550866516786526,2.4142537183419077,0.017836491893082226,2,0
2925.0,7.938166384188583,2.8700645815529553,0.04670297359672412,3,0
372.0,6.06242445131618,2.26883573763887,0.030967963258931898,3,1
2807.0,7.080425075865237,2.423988687073178,0.02296767540647805,2,0
2689.0,4.789071668232721,2.2124764405004935,0.020026675185175567,3,0
4075.0,5.051716800595668,2.0883145178619396,0.01934940277033669,0,1
4864.0,6.676559925942232,2.2463795534398794,0.029004185202266886,2,0
903.0,6.74156531678445,3.3710248321313148,0.02586822906878678,3,0
3420.0,10.408816363024982,4.1180204244905685,0.28561053818597737,3,2
172.0,6.593488730521034,2.7875075459312955,0.0436811500593668,3,1
3624.0,6.889271580347716,2.2511524077208604,0.03312135055867332,1,0
2618.0,5.253526543076504,2.7607757652941296,0.0762317480430881,3,1
1006.0,5.957708734816001,2.132751872626531,0.09329423523270329,3,1
424.0,8.121178136226986,3.1313218375197307,0.02431223578598044,2,1
2661.0,5.723492950561021,2.34937783342146,0.08779230600289856,3,0
3485.0,6.853173784458038,2.6012501718621386,0.01947631387237661,2,0
1736.0,5.850839099133047,2.2177822487370804,0.06008495590548242,3,0
3053.0,7.036008930275035,2.2053723200782804,0.005964829535048701,3,0
2398.0,4.569681872375247,1.8894560012185573,0.1514100009378894,2,1
448.0,7.91322739338926,2.61989892820087,0.05288920341604259,1,0
769.0,6.445599786425347,2.6744795566847066,0.042913114847317954,2,0
2439.0,7.4984321432244885,2.7435829413995116,0.034779078148605605,2,0
3664.0,7.616910304588269,3.1554899505875054,0.059824183456280794,0,0
111.0,6.783450392383704,2.662884909368749,0.1420016280432897,3,1
1965.0,5.740220459687794,2.6976508455184884,0.10588931362797523,2,1
2017.0,6.352895529573288,2.373233868914704,0.03804503496872596,3,0
269.0,4.821631985741392,2.234758004353406,0.11630738979148836,3,0
2632.0,11.689204587038402,3.8973889548046596,0.23087045108713897,3,2
3027.0,11.10079074545987,4.318978481916689,0.2270321900705186,2,2
3397.0,7.399675519007419,2.57462689526398,0.01966772947260746,3,1
4474.0,8.37718177029345,2.2503149781639746,0.010342123095885655,3,1
2304.0,5.559290247672368,2.0884164674981043,0.08333874110972966,3,1
3971.0,6.628921340394892,3.666891433646314,0.03838239476392259,2,1
2158.0,6.303128326570334,2.6744448509424354,0.10007879236438749,2,1
2470.0,11.41792729079229,4.384175422130812,0.24093356753033773,2,2
1214.0,7.322228928326611,3.154779043170681,0.07378589606809531,2,0
909.0,6.281021475477619,2.795404002255312,0.006226554486978695,3,0
1819.0,13.108621936917354,3.8536768972621,0.3117224053536263,2,2
2586.0,6.290525029292595,2.741072908699324,0.06529029764279097,3,0
1968.0,4.719163130376368,2.595186087028273,0.050546503460431796,2,1
3217.0,6.016027158714153,1.9813686811053774,0.038729488112084126,2,0
3465.0,7.074762568040668,2.9662183352721576,0.04354370457260854,1,1
2280.0,11.591834581100295,4.120318511436733,0.2580019653047375,3,2
2998.0,13.415752146373162,4.221525194280175,0.2526973244181506,2,2
3764.0,7.973863278961561,3.2215709127348267,0.04539867560710549,2,0
4969.0,7.201920089437953,3.6338892637524554,0.09328977087612111,2,1
514.0,6.526868407528761,2.428880783429111,0.07703312470864754,3,0
431.0,5.263306280180769,2.766143242551302,0.041374469946388145,2,1
2978.0,6.04976901225216,2.423622151968439,0.09277026708353306,3,0
4209.0,5.236146983950633,2.8586912345414333,0.03862007431630914,3,1
3161.0,5.318903745723459,2.3337873885736817,0.0931798872097872,3,0
3592.0,6.4819117947082905,2.8656753633059693,0.07500250559162519,3,1
4540.0,5.339660442502114,2.3552342247203404,0.08108055605399847,3,1
4978.0,6.8386873751661845,2.258192851881131,0.01227049499826076,3,0
496.0,6.135360479518513,3.219969828524872,0.05273716551886999,3,0
3731.0,6.331748296724131,2.920554994865432,0.07404619401937339,3,0
215.0,8.321469093350021,2.661263680012496,0.043174473430478234,2,1
2670.0,6.650302808715333,1.8428220362771248,0.020315925154084105,1,1
250.0,5.945414268161536,2.669686736809357,0.06142291719091804,3,1
2920.0,5.644888050476586,2.16174417909579,0.05588174589935448,2,1
3893.0,5.192740787686857,1.854621631623345,0.0747948305622964,3,0
1595.0,5.810674511242702,2.7978267050874397,0.06083754312112098,3,1
3959.0,8.11545172117207,2.720790115341619,0.05845479695677511,3,0
240.0,7.751804710622308,3.3627589113129988,0.036598690328999185,3,1
4733.0,6.575547652525427,2.9787084511085893,0.06401951711050144,3,0
388.0,5.908620197059125,2.6353727560191524,0.09474526828860139,3,1
1534.0,7.277942682612984,3.040891476163069,0.05044833484915564,2,1
2488.0,5.337092223036006,2.7166514259425956,0.10977928853000947,0,1
2379.0,5.087175425668917,2.3874936701417657,0.007655041046147088,3,1
4395.0,7.034772593814547,3.4349099511345287,0.04625937996178516,3,1
1929.0,5.705828245550641,2.7211420287796413,0.03394700578968918,3,0
929.0,6.870374553835765,2.6258434366479406,0.086602159884364,3,1
3339.0,6.264240877880267,2.8174296889320907,0.06741213505896193,2,1
2654.0,5.514147195642831,2.4338268908468232,0.03521946385038255,3,1
563.0,5.70045164831753,2.634507529490342,0.0773788395963564,2,1
4564.0,6.120421818502016,1.7520637548359006,0.014982352361013139,3,1
1947.0,5.524769277876373,2.087609014698761,0.07960882716602788,2,1
2990.0,5.196986738018527,2.1355235543235795,0.03704902736700257,2,0
4027.0,7.16801622798799,3.244722782431173,0.08016882187241633,3,0
2232.0,5.623530324610147,2.9156335201973382,0.10535043521108377,2,0
2894.0,7.565654999037427,2.5970832832720356,0.03218350405837583,2,0
4768.0,6.206575452438621,1.7230920922768134,0.056399691258551314,2,0
2514.0,11.853614053793232,3.7670572514666816,0.305470651691934,3,2
2958.0,12.774027215754717,3.631841098173443,0.3287294419358867,3,2
1.0,7.789030466738614,2.819809624982317,0.10028611351092248,3,1
2248.0,6.1824434429084265,1.5525401777956915,0.04695624961750472,2,0
1387.0,6.4006973540270105,2.646001057486044,0.13157138856090497,3,1
2808.0,6.442074378037875,2.379735927112453,0.02002751440301351,3,1
4019.0,5.336297311659593,2.532043230124577,0.11009232487927981,2,0
4466.0,6.6425905785008155,2.541994169065356,0.014545429575186453,2,1
173.0,5.597166535126572,2.2068420058011604,0.06911288350299077,2,0
4190.0,6.014858925286049,2.9955318296577365,0.048016970545201855,3,0
4552.0,5.260639826955391,2.2044722017671186,0.04454538880172302,2,0
2991.0,5.355227775918456,2.299194292796759,0.012711123853158932,3,1
906.0,6.42762641795183,2.7792019465326168,0.042653302556656746,3,1
1186.0,6.783478307495496,2.958224347366468,0.033836315145787006,3,1
2854.0,7.150565862683305,2.0644121873405723,0.10654170197708958,2,0
231.0,12.141206583589412,3.7627621966949163,0.27882448996547765,3,2
3949.0,6.087490932712284,2.4993068650428563,0.008576247986396519,2,0
1441.0,6.446522628086866,3.3512050803168427,0.07716487903696734,3,0
2756.0,8.02227183964404,2.282155730574803,0.07148012868670499,2,0
3162.0,4.406914301391695,1.8663959917577193,0.014639770479572479,2,1
1182.0,4.601094507356592,1.3961712432394582,0.09833408919073422,3,1
4608.0,7.210258578671042,2.1700400674766773,0.03146790432732876,0,0
2270.0,5.235432092660338,2.398977773582516,0.060724079102499016,2,1
4058.0,5.854936882228892,1.8258602058632691,0.048692635762154775,3,0
4983.0,5.67227344637732,3.196704671262207,0.030804628382940784,3,0
3946.0,10.94804689669628,3.4666867614309376,0.31647335356511935,3,2
4803.0,6.5813549891076555,2.996215116582364,0.0811130853187685,2,0
3287.0,5.713013361372036,1.724223053110216,0.016797966800328672,3,0
2893.0,6.407520652304161,2.3550546125487446,0.13690324197643952,3,0
2031.0,6.487209741043049,2.807360378830473,0.04517808318062909,0,1
2820.0,5.8547020684522755,2.476993580323443,0.09074091294382362,3,1
937.0,10.87847225727128,3.8110378814415795,0.23130740610446984,3,2
1880.0,7.008862275189768,2.59113188934095,0.04359278469327902,3,1
1774.0,6.225921591138059,2.310272512170487,0.0631483071392169,0,1
1748.0,5.343876605916153,2.387521280552379,0.007018181641715499,2,0
3377.0,7.05086249946265,2.813622930161829,0.0401004199491968,0,0
2864.0,6.34402477225766,2.990550813673861,0.028071322452993302,2,0
4078.0,10.185851265486583,3.70508736780404,0.263577264062813,2,2
645.0,7.24760371599964,2.238918969547436,0.032661857667647676,0,1
2109.0,5.562099443180211,2.6215037811665174,0.0507003047026054,3,1
2395.0,5.483000951289768,2.8112129640336914,0.07266653793651016,3,1
2388.0,11.64413161751309,4.593456263198411,0.22896578896651384,3,2
2992.0,7.174766666094762,3.20215906247096,0.05980583563568927,3,0
714.0,6.810941551643981,2.4138329268433325,0.147168936903702,3,0
2581.0,6.039158686226881,2.2728105374743532,0.1097669264201487,1,1
1726.0,7.494765939121679,3.106139494599812,0.06375542334618402,3,0
1996.0,11.26974538131132,4.05612304803086,0.29790706001460954,2,2
2694.0,4.700620428233838,1.9593554269188513,0.06435018559696223,3,1
344.0,12.41478559915875,3.978879363932325,0.20354888506663243,3,2
1067.0,9.387658073323673,2.7863911665301844,0.05757939364813405,2,1
510.0,5.101619235911595,1.959280306549697,0.10620592930643916,2,1
4695.0,6.510043037466825,2.2806489123348457,0.08503412449190532,3,1
354.0,5.379820402727486,2.551616215044559,0.07664495177013396,3,0
1258.0,5.858202075572348,2.19819340142735,0.045252571929280186,3,1
4548.0,6.403732734602645,2.4390745595578727,0.06223095782703951,1,0
2664.0,6.369703648773574,2.6615493415487386,0.08317488166871467,3,0
3416.0,5.4010671885826955,2.6074520961605403,0.04313135518672064,2,0
4031.0,10.233754220822345,3.505525163750042,0.2897371496781952,2,2
3220.0,6.099734742009261,2.0017868423427796,0.05885462321335908,2,1
1692.0,4.889870396541971,2.7838251315725406,0.0919742698929336,3,1
4370.0,6.779959516531382,2.313868809325784,0.04718540753395239,0,0
710.0,6.676770837030089,2.501780844994656,0.038202984889979155,2,1
1340.0,12.581857908436067,3.676856928092898,0.26545140002891376,2,2
3200.0,8.147659611766503,2.777396364576439,0.09747736440053588,2,0
1874.0,6.174449817956098,2.776095967772232,0.09485754749941944,3,1
670.0,12.215501287710442,3.7391960247869416,0.264859520084644,3,2
4281.0,13.28727459491239,4.072382011098729,0.26224986078534773,3,2
4117.0,6.5055083477852165,3.199809593069882,0.01563761427900436,2,1
1289.0,7.473847167022069,2.549064203464623,0.004334455619441247,2,1
3316.0,10.45819060284867,3.993894438339661,0.23513184177193533,3,2
1787.0,6.836637441340223,2.5023716351079717,0.02614111254994369,2,1
1977.0,5.197019532883559,2.645363130516609,0.044692222510078074,3,1
22.0,12.202483900332624,4.055727874218436,0.27175636024606853,3,2
3010.0,6.4084467489138675,2.635243193181715,0.05149284126095804,2,1
600.0,10.912053964153623,4.174461198878959,0.21056653295855368,3,2
2897.0,6.66862427395754,2.89011972318067,0.07055146096744287,2,0
3941.0,9.135982526921032,2.7871248058156244,0.09149125749654932,3,0
308.0,7.31817659767526,3.0600476287057634,0.026796714717419755,3,1
3670.0,7.127521493609393,2.322948350432315,0.036776209024769704,2,0
4418.0,7.230015235493885,2.7052783969980974,0.06387248547864274,2,0
2684.0,7.902411270942735,2.26478352832051,0.09134582681868496,2,0
1759.0,5.3317253434325265,2.3944740799290325,0.05026448681668126,2,0
1695.0,6.659526046167746,2.5051670190399893,0.07397217688120063,2,0
3198.0,5.737601711750597,3.108295659088947,0.07715282213131218,0,0
423.0,5.642177977489107,2.464454648521305,0.05298975931729278,3,1
4772.0,5.9051387588531306,2.0956175111948734,0.06261140676160334,2,0
2590.0,6.8985138042520955,2.8716301085607534,0.11951873831192508,3,0
3184.0,6.706213733096071,2.8178059269607956,0.04935730619489997,3,1
3815.0,6.916615981205809,1.99626577275272,0.06594921050308583,3,0
1285.0,6.439777777600784,2.5166135573032196,0.06149890890466745,1,0
1189.0,6.589825595792087,2.0492229939014184,0.05567830770048254,1,0
3085.0,7.134318112758016,3.1196031621815625,0.025974978785181537,3,0
930.0,10.717725365851006,3.3230067123054456,0.2607039567380811,3,2
3154.0,5.739777828074234,2.299210938236257,0.063126472390552,3,1
1275.0,6.097273962981183,1.985208424091738,0.021325640424899896,1,1
4893.0,6.146309527488563,2.0153258526712814,0.045104983096513375,2,1
4745.0,12.680656101560107,4.2823938623616264,0.2799387555708215,3,2
1142.0,12.307359288768268,4.105126082777316,0.202092435440778,3,2
261.0,6.178383852065523,3.4436012000438385,0.06665375757411235,3,0
298.0,5.702204657985743,2.682275664735314,0.04415740243953916,2,1
9.0,7.6818222574241135,2.6722833574022524,0.0566262416412171,2,0
1528.0,7.962735644721458,2.5494620178391694,0.1726742071609579,2,0
3299.0,12.139554279429683,3.448527255628425,0.28655653905475675,3,2
988.0,5.180345170108656,2.0412151245818735,0.04891695177099851,1,1
1425.0,8.972626411842858,3.2761550115178073,0.03612285716114245,3,2
1882.0,6.800784350170637,2.351777733614662,0.021009067295528008,2,0
3841.0,7.209403411424621,3.2254958594046172,0.13130452932658587,2,1
2166.0,8.177425713129045,4.045384408421668,0.10922306091154935,3,0
3233.0,6.163666029018919,2.8587772981363533,0.10358869860313726,2,1
3977.0,6.436835452935398,3.0601752888961116,0.02811703283680996,1,1
112.0,5.8669911123587415,2.035493307227307,0.03506681347913948,3,1
1867.0,6.583092560117418,3.053197318527363,0.048561743963039715,1,1
4557.0,5.873444034978341,2.645096089739441,0.003326015576817852,2,1
3349.0,9.327314287859673,2.392032853273805,0.017189380228636215,2,0
4812.0,6.52394929525818,2.179528404390622,0.03555353578705735,3,0
611.0,5.742280946851958,1.9480911462136552,0.09009518291178409,2,0
4214.0,6.44451797784761,2.88137241380898,0.009483403093356602,2,0
1998.0,5.703006668069248,2.8770962934658018,0.03908624919195459,3,0
1152.0,4.771846433392008,2.8191643438231395,0.021530190403785718,2,1
3805.0,5.546786197595679,2.3817397816322825,0.07025067232207637,1,1
472.0,7.402382625930802,3.404212402305967,0.018504520946071835,1,1
3296.0,5.6304006192318266,2.8016497568048853,0.01959987824555403,2,0
4551.0,5.941224046498031,3.025265368488654,0.003425952220638978,2,1
2822.0,6.032025763536463,3.114761081282419,0.0809102669481407,3,1
3473.0,6.279460130819557,2.2472384229640268,0.020561181452639233,0,1
3080.0,12.512616550510675,4.34148887429972,0.24971710472952602,3,2
10.0,4.717205082135413,1.7497563192276786,0.04784419638295744,3,1
1873.0,7.162316848116216,2.27220219953231,0.06383506803839033,2,0
4915.0,6.779589853272815,3.348068742731225,0.09203353386974314,2,1
2947.0,11.239771357609854,3.6349838682552864,0.226608185496957,3,2
4408.0,6.5328057219035545,2.6448617421879685,0.01814179959621207,3,1
4908.0,11.031321319958813,4.169333689570659,0.2843622195135416,3,2
458.0,8.069080253112471,2.035816977830301,0.0580437021934064,3,1
770.0,6.686513505307136,2.8336142998442195,0.023658923961907642,2,1
3070.0,6.726732357277391,2.1762330312893496,0.2001688594625739,2,1
1361.0,7.868959166674154,3.55814314990372,0.007846197610791361,2,1
4906.0,5.725119078781727,2.0056056607550907,0.06486853872189396,1,0
3457.0,7.199453330073415,2.913927134400932,0.014225870896481696,2,1
1995.0,6.683776579178002,2.951706323342489,0.03862823580123467,2,0
1480.0,12.360182756469177,3.7240714799275167,0.27247137285181156,3,2
4270.0,12.254619383387743,4.757589449919701,0.2166234776744027,3,2
2447.0,11.966970143278182,4.143557291941324,0.27796732853769995,3,2
1629.0,5.997041108226503,1.7913413609136046,0.03699500515742649,3,1
211.0,7.2291424917717,2.9303560861109443,0.05703915448413054,2,0
1226.0,4.2858200164078255,2.7535118683155115,0.08166897481557196,2,1
4898.0,5.992858197227775,2.8144691555512105,0.06561863153270563,3,1
3872.0,5.9502686063496375,2.4708014262536797,0.09527867795267861,2,1
3682.0,7.266154308717852,2.877240438882168,0.13289380523363023,2,0
2132.0,5.890438598300544,2.0431961534653778,0.014306089164863593,3,1
322.0,6.896553702238636,2.2665506636900643,0.07873670172936101,3,0
2631.0,5.891701463622724,1.894899410908033,0.06991179117334087,2,1
2333.0,6.1409809697529,2.850808472920974,0.050870691649254146,3,0
623.0,5.873557509652896,1.6254700599001297,0.14585356454556647,1,1
2946.0,7.772732384621932,3.4328146542553437,0.025532439377186973,0,1
2895.0,9.144147081388482,3.2854296209432654,0.07172146402342254,2,0
4386.0,12.882155470638027,3.430127733868665,0.3246622474717665,3,2
370.0,5.904299026680625,1.9519393933163103,0.10197160482865052,0,0
58.0,5.524816655756518,2.0032412843297176,0.05296653824448492,2,0
3091.0,12.334645946852453,3.7979339253345756,0.2542737346975798,3,2
4966.0,6.6344697652012705,2.9119176977600536,0.06345403257729476,0,0
1606.0,7.279786705934464,2.796747196644851,0.0611144172067909,2,1
2989.0,11.100999817783654,4.238861435183003,0.29628343307654464,3,2
3170.0,6.313522870810949,2.8402454963381394,0.045082974487816806,3,0
2782.0,6.16389077729097,2.4738702337173595,0.08362306862938963,2,0
1038.0,7.550146810690196,3.1783295764378052,0.008858245530483578,3,0
1046.0,6.346828663690852,3.0878405261185584,0.0733244373801982,2,1
1050.0,5.938752262548533,2.5169320629538645,0.10038199784585909,2,0
4674.0,5.03417472563841,2.3993508818715497,0.10532355722709094,2,0
532.0,9.040418293169466,3.5269540679745637,0.08376204797778519,3,0
1661.0,6.4794291356732305,2.369428910897466,0.036121433134211574,2,1
1858.0,5.06204270329078,2.785140720279616,0.016781409860209706,2,0
2369.0,12.337391508646643,3.9410941229940875,0.2707778195060174,2,2
3372.0,6.797639081981854,2.595895142116596,0.12930931085663666,3,0
2374.0,11.57993013436735,3.711485953521989,0.24765986734544299,3,2
4828.0,6.229833961518179,2.226884480225788,0.009084104915128592,2,0
3137.0,5.400333271865731,3.2733509542740395,0.016888374113870425,2,1
1015.0,10.416289860026389,4.225706193892001,0.25366179053142,3,2
800.0,7.038347899452147,2.3999005616552727,0.10598591916358807,2,0
1686.0,4.732300559209827,2.739050331995589,0.08673369665248779,2,1
2129.0,5.790592581886376,3.1027316518937433,0.0170917225500567,2,1
1368.0,11.73353183045579,5.0,0.22623231627081009,3,2
863.0,5.747036538600869,2.559015728204926,0.11209866267941922,2,0
1213.0,7.20412276471122,2.683665827256219,0.023967930321078308,1,0
270.0,8.02531113012297,1.6219784271078699,0.05492272106272314,3,0
3782.0,7.669954044290564,2.650082830141976,0.08576926426396074,3,0
1517.0,5.1528950840338,2.0363121103205497,0.029793153984771267,3,1
4275.0,7.948768616238279,3.4238254789155627,0.0920788322211281,3,0
4012.0,6.8294914399510604,2.3301299319670896,0.07250316487334979,2,0
2571.0,13.165765156698459,4.645844428067746,0.213824894065878,3,2
4046.0,12.448891788143877,4.38898622973518,0.2264842966745342,3,2
4111.0,6.502229252994185,3.5092941858683195,0.019914001335363363,3,1
2532.0,4.8499565476199855,2.28475217707769,0.021675418076320414,3,0
2859.0,6.481521931426869,2.4060651332689815,0.015285631509877102,3,1
3223.0,5.661086353825012,2.369622424954752,0.01779215608195694,2,1
4880.0,6.763133836863549,3.0571606397149473,0.03209113214555749,2,1
3089.0,5.810436180076282,2.3310694990025898,0.02751574054237495,2,0
1076.0,6.5240020928292255,2.035151154281697,0.01266358115118703,3,1
3343.0,6.591946001420622,2.1904767113102577,0.05657965747901067,2,1
625.0,6.51096508314944,2.0593579978932266,0.007325139616733426,2,1
995.0,7.0338912115713335,2.9944035367144477,0.11493668214698605,3,1
4292.0,5.289661042678112,3.0258635664051274,0.05032169832419345,3,1
1635.0,6.685383069659788,3.4264748178856355,0.10107155755045788,3,1
285.0,7.966485845077513,2.976972283121476,0.03685126927543082,2,0
1140.0,6.024592005186486,2.554868126757125,0.08792057586902878,3,0
818.0,5.847284216407978,2.298497597403811,0.03724160320427564,3,1
997.0,8.110733956740804,3.6853977693655935,0.08030067671321311,3,0
2842.0,12.096763827022764,4.037704641074624,0.31061819137504565,2,2
3636.0,5.843970979308532,2.5759387104488534,0.004463986235422627,2,1
2890.0,5.214007071686379,2.502952432793934,0.030334457525131437,3,0
647.0,11.551448242060497,3.7844868591390304,0.2739089737954402,3,2
639.0,5.918113269832321,2.815161606802735,0.004923210017891275,3,0
3329.0,6.6510574326144924,2.649014885426252,0.06620310575135896,2,1
4289.0,6.352485202279677,2.7072137184898932,0.024415271594746026,2,1
3157.0,8.717688551310353,2.9073260814912127,0.025041608459623672,3,0
119.0,12.155189824217565,3.9904756299437185,0.2768652968883443,3,2
409.0,5.108256700411005,1.9378105527321172,0.07168581652297293,2,1
2335.0,6.718065422663043,2.4813066386350604,0.030208810132938878,3,1
1955.0,9.066922564935915,3.520741791191105,0.02487237300587408,3,0
2498.0,6.406917398283556,3.416636158602766,0.016078951181151078,2,0
2655.0,6.8280953300829434,2.9799615362860328,0.0363912444981756,2,0
2626.0,8.671162129544511,3.961043700815318,0.022984072711981298,2,0
3571.0,5.564031253593272,2.3269367976553568,0.15954153510921185,1,0
342.0,6.050596950533235,2.176842913282384,0.008260306914372363,2,0
3947.0,6.147882085529715,2.4985863718202457,0.13478146579822434,3,0
164.0,6.070770605261334,2.8031585521833957,0.08748455380891206,2,0
583.0,5.775059957968196,1.9905058510710174,0.09073353051958792,2,1
2085.0,5.927908617508047,1.6962159022783874,0.04369975128294624,3,1
3277.0,8.606705505984007,2.573000790071708,0.1269299560369987,3,1
1632.0,6.022467964409103,2.2687399699929514,0.044004334362161786,2,0
1536.0,6.820123237831836,2.474079604681158,0.04969853351923355,2,1
1347.0,12.185805025734556,3.8854039583930713,0.30317911037591827,3,2
4640.0,5.766227137463312,2.616021141599964,0.13579673459620867,1,1
4337.0,6.787332776468312,3.3049569587299192,0.04491689522374683,3,1
2028.0,6.889419346949261,3.8302932845335205,0.036771224078755355,2,0
893.0,7.756398774259587,2.2422171006643157,0.007523461445323088,2,1
3864.0,6.145361886088833,2.2260667479001803,0.03561841588686918,3,1
571.0,5.674165078872855,2.2485853593866163,0.11346299768569174,0,1
3984.0,6.438842589136786,3.0517875840100297,0.10530461150349599,3,0
2039.0,6.309455539080319,2.6022455449849398,0.026733935426774158,2,1
4376.0,6.38083070337518,2.466269200962482,0.035842726899924536,3,0
2529.0,5.9096291238504,3.0875833405005637,0.034475545052789644,2,0
283.0,5.274020853028928,2.639498134663727,0.035974818001987215,2,0
3143.0,6.395513890780209,2.609710238763083,0.016329041807529664,2,1
4487.0,7.9799784696838385,3.6050661880745003,0.020636530081480482,3,0
743.0,7.269196695105334,2.8521569918830822,0.04696786495519964,3,0
3405.0,5.989063636857389,2.1573967739222066,0.04374971182093642,3,1
4624.0,14.263291932879927,4.175503126594405,0.24585951047053753,2,2
4658.0,7.617925598536992,2.5277769072003093,0.09227722626603686,2,1
1721.0,7.271001559681146,2.383968603291633,0.03174489128140575,3,1
1907.0,6.253208470186774,2.7264101680682575,0.052768977355341626,2,1
275.0,7.098677594732197,3.0092290992745054,0.06922387736191392,3,1
2105.0,13.433602928793814,4.22574357086108,0.3639702693479345,3,2
1729.0,6.234889061158331,2.6487092213209205,0.01215727547949493,3,1
2168.0,6.075236642416949,1.7838781572609466,0.08786319040355116,3,1
1264.0,5.123753847790468,2.2021161108930754,0.04046605271992375,3,1
4691.0,5.410975431360201,2.3166435368039884,0.06187140132119913,3,1
1590.0,6.005157898925685,2.4360259783075398,0.06564452680779279,2,1
86.0,5.239666389832071,2.389543165710142,0.052514797295479455,2,1
4082.0,5.067104765297028,2.513976348003147,0.05371644889576487,2,1
332.0,12.730405232792734,3.8498160764064884,0.2532110566649145,3,2
705.0,5.301096121652899,2.748888629176105,0.10936463215661166,2,0
4317.0,6.201382340351582,2.6944265260835643,0.0656220328387203,2,1
147.0,6.5265873436155335,3.052611838669193,0.017575466026213068,1,1
3541.0,11.196952626116264,4.158563926483245,0.2722498931506126,3,2
3788.0,5.203585614438214,2.689822962995177,0.06270996309501178,2,1
2538.0,5.484259401137181,2.594003578254605,0.05255410108954643,2,1
745.0,5.028617276480747,2.0456925201404292,0.05504605947026489,3,1
793.0,5.957585593975606,1.8262137312724396,0.005492030652391345,1,0
2821.0,5.832560864041246,2.9994358673958135,0.07843740029367154,3,0
1764.0,6.69465830826731,2.32601969463927,0.04012457163133304,2,1
529.0,4.470611821011918,1.802488501005897,0.05801579781628905,0,1
2639.0,7.1650855219721095,3.216739139691949,0.032440433253186206,2,1
4021.0,6.945933639361693,2.847955823378627,0.017272157417821208,3,1
1202.0,11.589904925401225,4.055748584988227,0.2755306439795983,3,2
3236.0,4.625676920286987,2.660005658525102,0.04481329129545655,0,0
2768.0,6.922952911265927,2.773236141492567,0.04388337706970271,0,0
95.0,6.60953082623445,2.2512960350837585,0.11384961858470848,2,0
4820.0,5.580353227712908,2.223317531867565,0.025289314309759562,3,0
2692.0,7.662589754515589,2.243813266818782,0.02662445140558489,3,0
3556.0,6.635046026438425,3.713796623598549,0.018683218221366343,2,1
3739.0,6.991747066845783,2.007285260628503,0.030046955150341434,3,0
1215.0,7.327967348357548,2.7153959979754125,0.05512657417224221,2,1
4459.0,7.043612269857444,2.0598270112076715,0.04383932301275361,2,0
4372.0,6.467270861705952,2.236629848278852,0.06905166567961442,3,0
4774.0,5.363798397584338,1.961446037210215,0.03036137811066939,2,1
4471.0,8.087434671537679,2.2835827630689023,0.059415722543206366,3,1
3614.0,6.934604649135638,2.693233437490297,0.03258608657342939,2,0
2776.0,6.759588275957375,2.3596591679019063,0.12092669950134421,3,0
1707.0,5.902892234579296,1.984366828630701,0.026513476040594727,1,1
1784.0,5.931770369941727,2.413229744357463,0.024355711593319958,2,1
4998.0,4.818456611959666,2.557424359946812,0.04405952733683747,2,1
2476.0,7.6922996977335005,2.5310061834559114,0.046751841074997504,2,1
4230.0,6.420461819343215,2.5712369843278178,0.018702569608933836,1,0
2238.0,8.021830965038719,2.2585847184126187,0.10891472445232055,0,0
1379.0,4.940870134658168,2.627158315730962,0.03789275108176513,2,0
2480.0,6.797501315653077,2.5184633697303,0.13192181104693276,3,0
2827.0,5.922901326758086,2.2173560012894304,0.08332506874562799,2,1
3117.0,5.835537995404686,3.0118949036704623,0.04374201900274125,2,0
934.0,11.116382365088509,4.087664319040652,0.2511967833681784,3,2
4155.0,5.856414681107303,2.536857339421398,0.08705904610750384,2,0
3242.0,6.289893078166886,2.260002215080685,0.05659534518402676,2,0
2940.0,4.803339068590511,2.3155967033732825,0.013014234636179053,3,1
728.0,6.333363514925238,2.554707872842839,0.043235739354299974,3,1
2666.0,6.559034190018921,1.945805088514161,0.031082039509550487,0,1
3326.0,6.246200725896591,2.3666099885869745,0.013498842536283464,2,0
2629.0,10.777707084402577,3.33802743587227,0.2884680879633216,3,2
1654.0,6.517201502193268,2.308348165099367,0.056268847370641396,3,0
106.0,7.423044397003443,2.3970617889200754,0.03437490888696906,2,0
4044.0,6.83453212795092,2.860603071406466,0.05014580151382941,2,0
1313.0,6.79303050190428,2.9548390389407855,0.021164172278315515,2,0
4522.0,5.734368411058294,2.6152791424098414,0.1525092769654599,3,0
1682.0,8.902609646003238,3.771142352895547,0.08923770829853477,1,0
1518.0,6.017907760020863,2.3520656293970226,0.03881663575916113,3,1
2585.0,5.895252617372897,2.300118568369075,0.022788640479501517,2,0
3966.0,6.579365339702221,2.364399955182003,0.019217173521681386,1,1
1397.0,7.0492868028490605,2.5052895819509486,0.06822803733990436,1,0
1376.0,4.725589752433348,3.1799228499637273,0.06577523622303201,2,1
1870.0,7.098784226954385,2.9317093025146157,0.015954573104401307,3,0
2402.0,6.054314134782863,2.3340686807843194,0.037037566294478304,2,1
2767.0,5.816744342821986,3.0351354306384346,0.061396277487950714,2,1
329.0,6.093629018595328,1.8022562491797696,0.10381537768292293,3,0
4402.0,6.66011484911335,2.5397924335681,0.038014450362255855,3,1
2180.0,5.678796123855554,2.013909196549049,0.06140949148332811,3,1
1409.0,5.176226617905265,2.21332349668996,0.04887165268182223,3,0
2509.0,8.60419472755127,3.0258220500034736,0.010946169890049356,1,1
1539.0,5.608215448348519,2.5530619061136113,0.13734611943459196,2,1
3431.0,11.130864509701757,3.789785828742026,0.3191929618236782,3,2
1538.0,11.915277551399607,3.858827853239205,0.32765266281876537,3,2
4759.0,5.579414857056898,2.466711482830061,0.042873175074093155,2,1
4274.0,7.03640202557921,2.2946471181490296,0.06926299892229092,0,1
3558.0,12.949815696601341,4.192046976490954,0.22176048514861674,3,2
1789.0,7.024765260487761,2.7948084873016183,0.13556262124914445,3,0
546.0,6.088852673435602,2.881416639178071,0.03730095667849937,3,1
254.0,5.913799823237461,2.3559310924691603,0.0056565882461271704,1,0
2969.0,7.256687978750559,3.6226772714327007,0.06777679724318607,2,0
126.0,5.754588247933291,2.454437988850798,0.049363337684924374,3,0
1507.0,8.03186117635845,3.0831572675467283,0.015639539257475268,2,1
2621.0,10.308020964011678,4.00398599310027,0.2134569333956134,3,2
1299.0,6.370290548951731,2.028880490119904,0.04070854801477599,2,0
1709.0,7.302193386288695,2.7106433171727167,0.0349245216074249,3,1
1486.0,6.653879186332343,2.536569396433854,0.10784038533932806,2,0
2366.0,5.900037250540745,3.0707075349485584,0.045118792837296876,3,0
412.0,6.028685910944626,2.5485764989456783,0.035853682102144666,2,0
4123.0,7.240553781557642,2.6066303940523268,0.08631737067969067,3,0
1177.0,7.263868418774092,3.3940576372083275,0.02382047404245414,2,1
3017.0,5.245253556483349,2.3899973098419967,0.10539254167198231,3,1
2930.0,5.62400850995014,1.986200970457967,0.07112521837130531,2,0
304.0,6.708039163195709,2.680639124157214,0.02133962730295068,1,1
2712.0,5.777453767332595,2.2058665878961348,0.039651690267601014,2,1
3443.0,6.5431413295906005,2.9262407810091826,0.027425476446880575,3,1
1765.0,6.1815928413644405,2.9596577602491103,0.1158568740179672,3,0
4255.0,6.223592989962294,1.6808908589225962,0.042753048255172274,3,0
3886.0,6.197633385336644,3.277426530691819,0.03187184649875141,2,1
814.0,6.3288689278335895,2.8569946438848195,0.14479680042620116,2,0
2718.0,6.182266776967548,3.407330201976505,0.08674244181024962,2,1
350.0,6.44452243670644,2.2652980661222686,0.1243313973256441,3,0
755.0,7.672894610928924,2.3876112671489396,0.03634500599157477,3,0
1332.0,5.590764339245288,2.667020186752171,0.055249957916879755,3,1
3265.0,12.87264176754158,3.6294082121917173,0.24482831128761956,3,2
2310.0,6.433767860326396,2.7260675249737596,0.062438706464981765,2,1
4630.0,6.9831306897029615,2.7668543625996596,0.012504683050748082,1,1
3644.0,5.54578392360741,2.262942236241123,0.07852791849781242,1,1
4744.0,6.099470086361058,3.023961581156254,0.021127811926813796,3,1
1218.0,7.166517085504558,2.597518540247631,0.07543103549512513,2,1
4036.0,7.764059868315101,3.282407900498519,0.09414485771366986,3,0
2575.0,6.2091646064606225,2.532791801837874,0.02477966732145977,0,1
992.0,5.533238530111939,2.461604002823926,0.12690523095773124,2,1
1537.0,5.366668754299271,1.9023932674628634,0.023439437898261976,3,1
4251.0,6.698297840063607,2.135337232203518,0.037001666801335875,2,0
874.0,4.948428811403671,3.151878005068756,0.04504388528729656,2,1
2647.0,6.822038864934726,3.8335541402459383,0.11908623885913831,2,1
4507.0,7.009863624477564,3.546344895237527,0.09633056078890201,2,0
617.0,11.842403029316987,3.5530112444842405,0.27113467193052926,2,2
3505.0,8.600904851805861,1.976925800483124,0.22063935741639268,3,0
859.0,6.662931135830962,2.2221963341679634,0.04152850676993614,2,0
4254.0,4.642794856562829,2.3950919376720385,0.08035239952834093,3,1
1509.0,7.186172687437245,2.3251870703059883,0.0748504980982427,3,0
993.0,11.172999656883759,3.718072078824081,0.33666571058158734,3,2
1153.0,10.999433046998242,4.260893215138457,0.24872405371354503,2,2
2383.0,6.2594210868715585,3.9064638102450924,0.07969249549792354,3,1
557.0,7.476726357981554,2.373014075327933,0.08898820232965045,3,1
3880.0,7.722407235798132,2.8120996215192102,0.0436660265031349,2,1
4195.0,5.660324781075466,2.040795931162235,0.035757860169498265,3,1
1048.0,7.5164341485673285,2.365663333231291,0.07114322032366525,2,0
3791.0,9.33198152241296,2.0380315944708522,0.03816706965564747,3,1
1129.0,6.6598729302567365,2.593405183260252,0.046375819813680594,3,0
616.0,8.841329573607329,3.2411289606245597,0.05842711964733714,3,0
4398.0,4.9783838135944585,2.141056733128879,0.025939145372212345,2,1
3612.0,4.59272971067222,2.501481100999403,0.06972368612541632,1,1
3267.0,5.241053153172902,1.8184781200808615,0.12813930755397962,0,0
1472.0,6.8929053819477115,1.9548690174334213,0.12105113199312514,2,1
1414.0,6.884048570119814,1.700687183284465,0.04619605079732242,2,0
2833.0,6.585580665569719,2.4808253193380696,0.08525147207355317,2,1
2770.0,7.562859267497309,2.8725427499660627,0.027103533811069867,2,0
1233.0,5.625698631419798,2.8685438562949352,0.0358339071551184,3,1
4313.0,10.495394867424665,4.036099457938247,0.25911845504851966,3,2
3006.0,5.9262417263958875,2.9897791404137135,0.06913601899354588,2,0
3506.0,5.344397893355431,2.881279452148501,0.10625953179842947,3,1
980.0,7.16411914300225,2.470032102278983,0.039940626734879206,2,0
4269.0,5.9736695824577435,3.2245137547030174,0.010853612142141762,3,0
3398.0,7.705684629955747,3.113566172986956,0.12425454204195746,2,0
1909.0,6.880296469895781,2.2682817933187884,0.042623725219846205,3,0
3499.0,7.173766074232444,2.826966051546005,0.038948197961784226,2,1
4432.0,4.968894108171114,2.240117336213761,0.062364117570179324,2,1
4447.0,5.4988214991596305,1.441704967556133,0.038023596791474906,3,0
1302.0,6.601534696626523,3.66741798563868,0.025962160789572728,1,0
3507.0,5.6040861348349225,3.2182942540251913,0.030731183934313504,3,0
2642.0,4.421005283266496,2.5931835287473817,0.014922040041014595,3,0
2901.0,8.224718370761689,2.9471330125700184,0.020651707951927695,3,0
1255.0,6.747233614900492,3.2900766470268774,0.07316953541350768,2,0
3390.0,6.85481567121765,2.6004997191463777,0.08978449125121853,3,1
72.0,11.257712104865751,4.692165238663256,0.34142145524881923,3,2
33.0,5.948185244172368,2.8246854159709684,0.09748718872457776,3,1
3102.0,7.290004425607535,3.2213244951974183,0.03166586168596659,2,1
1612.0,6.374979655568694,2.2505304008835223,0.010349768711678385,3,0
3224.0,12.12585760424503,3.7027071308087365,0.24348067855279248,3,2
4294.0,7.976065305146787,3.2950928623571873,0.05539299902485892,2,1
3728.0,5.2828297317861646,2.38025628865818,0.0354975365970628,3,1
3696.0,5.492981329769784,2.6054222620470893,0.011284322874450779,2,1
3211.0,14.041662010446458,4.797506015518865,0.21807439205452508,3,2
1180.0,6.615228614939304,2.3596359548769774,0.015415591509090089,2,1
2740.0,11.436011342168703,2.9522254971712116,0.2656809764679209,2,2
3988.0,5.4149048103655835,2.277072329831334,0.04290379981602176,2,1
3133.0,7.333601565176371,3.805407285022326,0.05897046331684579,3,1
2723.0,7.027715750014741,2.292239640680362,0.10382619607101003,2,1
3444.0,8.440726886526484,3.358495357209306,0.017866071151606617,2,1
2974.0,5.369926275400063,2.5004312721875914,0.01583316937852589,2,1
1937.0,5.348693590127866,2.1991800687545053,0.07258692009231524,2,1
1476.0,5.444627955369567,2.06099807648763,0.052712332136227245,2,1
1428.0,7.660166205409734,3.1962734902435868,0.04101076570752841,2,1
4746.0,7.891142045536866,2.85503625230363,0.034485033072354676,3,0
1744.0,5.663727971729244,3.085781869736035,0.07262670598994443,2,1
4512.0,6.706959147853784,2.297261196422205,0.017882121043849907,2,0
2281.0,7.155116324097756,3.0318080532918517,0.06844929654853694,2,1
2717.0,6.8867649310275025,2.0462025081803383,0.057519463651708694,2,1
723.0,6.5986614543031195,2.7043870401213663,0.03548841684966998,2,0
2263.0,5.026643888965144,1.7115288205732289,0.05645447467469476,2,0
1187.0,5.323878240864927,2.348386099424759,0.023139412737300226,2,1
1079.0,11.830194159599788,3.619752861431508,0.3162266594519728,3,2
4698.0,4.47559834325705,2.450693029088518,0.022127094371440587,3,1
1324.0,7.299237830473485,2.9855213461510264,0.011997836866720452,3,1
105.0,7.705912519082972,3.62522038074829,0.004593676857437136,2,0
2986.0,5.35140299144579,2.6350114100388318,0.07152857314604054,2,1
1173.0,7.657070479150338,2.8624618994640945,0.13546633842520087,1,1
1732.0,5.378762274796132,2.6068116432167803,0.013385453333140838,1,0
2244.0,7.869225492950277,3.2455905352402366,0.044745807037263115,3,0
4283.0,5.256746592021446,2.93062668835297,0.01364418518033588,1,1
732.0,6.502583316521669,2.7797044710675456,0.12202029466187446,3,1
1782.0,6.935974466196931,3.46583391811454,0.04050285568017901,3,1
3025.0,6.316824988767053,3.1172456771716064,0.09573162136953002,3,0
1297.0,6.808054407533481,2.1814804602739732,0.07276148230958811,3,0
3784.0,6.40575211165541,2.1594080522197854,0.047729554474213814,2,0
684.0,6.2949437029181325,2.267413716656916,0.04460140020666998,0,1
4070.0,5.256503441559192,2.2427686412148042,0.07711900026821861,2,0
4434.0,6.637056367373182,3.271281639355221,0.03749996748841457,3,1
2518.0,5.598816157535497,2.1217379954874738,0.04579504742083513,0,1
4847.0,6.5582598679488395,3.4777991111250013,0.04928036746987536,3,1
4793.0,5.536913565870655,3.0662722918383505,0.09391567881745784,1,0
1351.0,5.954609312729796,2.548903507581012,0.006631317074325341,3,1
1650.0,5.937078589525182,3.032392780850436,0.03953744946369235,2,0
2815.0,6.490407768430504,2.766051041697662,0.06902644104097143,0,0
2469.0,5.355525727792871,2.0817967995138447,0.059032070672046716,1,1
4897.0,6.1579699295075585,3.249842202349062,0.0682433400580072,2,0
1455.0,5.674245946010653,2.3924401343594854,0.11970802033265444,2,1
2640.0,5.349784712545135,2.767102298571347,0.03033139701691094,3,1
3513.0,5.9905718373727765,2.192392693718442,0.019284582060484553,0,1
3539.0,11.364431389333733,3.621698718487711,0.26195231352128884,3,2
3718.0,5.197279072421913,2.0895307949462105,0.02794686551017837,2,0
3231.0,6.999234028176447,3.038251616741221,0.11533783481268695,2,1
4426.0,4.764350527081119,2.8379988395040514,0.03189336443666522,3,0
2634.0,5.4334745834198594,2.4893334192975516,0.004986685788074865,2,0
2837.0,7.61124033138425,3.5411426059375906,0.08589147068611151,2,1
2384.0,7.358000555202248,2.1193155071755845,0.11216897112143118,3,1
3519.0,5.961316652834755,2.60519902241737,0.12596287474108636,3,1
4066.0,7.007930830576807,2.717314408898118,0.02760185623780521,2,1
3022.0,5.105247152323084,2.02061315572685,0.07357646534878942,1,1
4747.0,4.171434793109837,2.458171837251447,0.018236314618856764,2,0
1357.0,7.63150409880662,2.7867274961368986,0.0859278478510759,2,1
567.0,6.159659769057107,2.403727961051895,0.029416731644266846,3,1
3554.0,6.267298019367312,2.3152267084059877,0.029470991593263857,3,0
2313.0,6.257474419595053,3.3161024787846083,0.10920210733021687,3,0
1816.0,7.1523592021113735,3.964312218066769,0.037461446965347596,2,1
1167.0,6.708563038220651,2.00941351589218,0.0794003831893763,3,0
2021.0,8.35565829763234,3.552148705526094,0.12473583416552436,1,0
1484.0,7.134061578387364,1.680706718912111,0.012520705650200145,2,1
3202.0,14.422140835284782,3.8603623655043005,0.29791259426969763,2,2
3568.0,5.70379902373111,2.1269373932772773,0.03345871628617857,3,1
3776.0,7.07429010806402,2.997560170071753,0.01587735344190599,3,0
4222.0,5.428941236165795,2.226236257872539,0.08022085125766301,3,0
4318.0,7.298297263449683,3.2446945875477886,0.008237168550172815,3,1
444.0,7.7646684426305725,2.3398722596675428,0.015002116102788884,2,0
2610.0,6.640471612603162,2.3734763026140726,0.0031486694978999797,2,1
257.0,13.36438338924372,4.856597721023094,0.2567323844742444,3,2
1623.0,6.362674863072,3.21218849459077,0.014823951917032292,3,0
597.0,6.1163486295811955,1.9360032421638969,0.04083090831161188,3,0
2019.0,6.162680462470794,2.6255783286687815,0.06987856533496777,2,1
2151.0,5.94164263599761,2.204474144483634,0.10191772373590888,3,1
726.0,7.285475802555894,2.8470692010295306,0.09651079256440172,3,0
3341.0,8.107235361458887,2.5765935888010225,0.04062956537951878,0,0
4521.0,9.832819967578807,4.021040804697253,0.2486090467210914,2,2
4103.0,13.866374989350401,3.5709632283304393,0.3161548673224245,3,2
1796.0,6.214457864222476,2.2136498497479,0.052740168919827704,3,1
2422.0,5.868695085058941,2.189897687077621,0.12804933643015085,2,1
4739.0,4.781777657479049,2.3677406749114964,0.023449153243073236,3,1
2779.0,5.739919667574323,2.2621211462273525,0.05506154801790486,3,1
3846.0,6.329253021797624,2.6193664644699286,0.03819629165877871,3,1
1879.0,13.217031787564714,3.5096283029258935,0.2410853942871596,3,2
3720.0,6.350234143967821,3.3822362152275107,0.015671010007896266,3,1
4781.0,6.166049147863032,2.9471961229497916,0.057633075031434694,2,1
482.0,8.337049212089225,3.105040108709148,0.0592775360597304,2,1
1174.0,4.2617457059241035,2.5167103437454603,0.09779594901320274,3,1
932.0,6.371577561349104,2.4115379488553734,0.14898092997600554,2,0
1914.0,6.121528703674935,2.283898179850574,0.025582888313889406,2,0
1266.0,7.264120073256029,3.091844811722175,0.0522280608474577,2,1
620.0,5.989429475689051,1.9380816883613505,0.03642032935919395,2,0
675.0,5.864203040959822,2.441813770673083,0.06230942987322062,3,1
4224.0,5.220848931207505,2.8022750368643434,0.02685763129749671,3,1
341.0,7.10716002601705,3.0165651571924355,0.07589161327038015,0,1
2652.0,7.4625622290645,2.492414938973602,0.08638937346408766,3,0
4673.0,12.142784326049435,3.9690794143044865,0.26830278168473065,3,2
4788.0,6.7729932362746865,3.2992517602718108,0.08878908413930302,3,1
429.0,5.817726347025368,2.322045430247062,0.06302948357865909,3,0
2698.0,7.330670009439683,2.512341167733927,0.02246497672894999,2,1
2211.0,6.4346229485503965,2.8107547145834433,0.09081657589019634,3,0
867.0,7.671538348846593,2.86312628183292,0.05382380559372106,2,1
1432.0,6.187865891042295,2.097883080511528,0.05173161467067275,3,1
258.0,6.272871437759398,2.7431186757262553,0.049243148740437746,3,0
4568.0,5.147472841938006,2.864472717685795,0.07954424424887072,3,0
861.0,6.139814738345434,1.4179096018369761,0.0471650947466591,2,1
3729.0,7.286919785421457,2.9636136965377755,0.08028571770911976,1,1
131.0,6.783654424980986,3.0724951441506896,0.04130571649458132,3,1
4503.0,6.56074243465118,2.0009758080306868,0.06682698660171862,2,1
107.0,11.293123511238864,4.8039719825009435,0.22165610893928642,2,2
316.0,4.9469648888000215,2.3630606062700905,0.031289831766873416,3,0
28.0,11.515352860308447,4.515199669465893,0.23456171682210405,3,2
3831.0,9.224174182132968,2.2093804321727593,0.05739925686453008,3,0
886.0,6.507852577645033,3.3320843399816553,0.10506419802672089,2,1
3692.0,6.195088476332074,2.5155958243288037,0.12751839763549058,1,1
1550.0,3.6747733348743257,2.597610109682512,0.038190363576411236,3,0
4071.0,7.658517021817061,2.736470454863228,0.00967545321951373,3,0
2579.0,6.911245197169656,2.775695364562778,0.14023593505867052,2,1
3418.0,7.131962988830189,2.144425514390342,0.031454478335170226,3,1
134.0,4.935686740150695,2.4684521861887005,0.053362811747518245,2,1
1029.0,6.719977818857983,2.3223976140924747,0.023286029303766897,3,1
2256.0,13.14726847670041,3.9778357635857753,0.24816732989693183,3,2
3813.0,6.33576941018969,2.592943915428018,0.0428332548931681,3,1
577.0,7.037199800374742,2.4770535102063795,0.07277847623881362,3,0
2327.0,6.617722988047499,2.072400607875187,0.04102829393290117,1,1
4124.0,12.473268256759393,4.024181325590165,0.23389632026001092,3,2
3724.0,6.745144856594484,2.8597303530466904,0.03423734092921869,1,0
4901.0,8.928731260517301,2.81665493599553,0.06481606249630634,0,1
2365.0,6.3255261722703295,2.2794518847858027,0.1438597268154774,3,0
541.0,7.570631556812218,3.937356090064194,0.037575050477127295,3,0
4735.0,7.428230120304278,2.8345399925958183,0.04495365005572573,2,0
2305.0,7.637194959394247,2.98982671200464,0.04740615928830642,3,0
213.0,5.013703592985255,2.204528038392737,0.15808472744330432,3,1
1718.0,5.4384759098551205,2.33266930423438,0.04505564786299949,2,1
4102.0,4.7282783537261075,2.1748420232395094,0.11314706773212486,2,1
1184.0,12.698951873966228,4.0418833258038225,0.3053961513077315,3,2
3760.0,7.265089798365995,2.3197092234832946,0.07116431357476813,2,0
3205.0,5.981179194348729,1.8161393422913055,0.1301547427795227,3,1
2746.0,6.934025847954808,2.394767151827624,0.027927859789285723,2,0
1057.0,7.140929254817777,2.6587609378328474,0.11284557914528835,1,0
4057.0,12.90348637598561,3.6831253717218844,0.26750995699157565,3,2
1280.0,7.440749853059156,2.8127793605852602,0.01247797621493328,3,0
4090.0,5.950667783470133,2.5621856730719186,0.022702736160344805,2,1
1442.0,7.061992208268127,2.6024269805322273,0.030832432695539334,3,0
3931.0,7.89010843378413,3.173848600554146,0.026185967098540437,2,1
1628.0,11.244471487533255,3.654402912861399,0.30327208085358814,2,2
2500.0,14.490119078475095,3.9248068458062537,0.247326767309203,3,2
556.0,7.062651916035053,2.2671477015064823,0.08448912277107606,3,0
700.0,7.186495202794394,2.5233414971203363,0.04850622298703188,2,1
3032.0,7.021983848859075,3.163330322796739,0.03060741212699014,3,1
4450.0,6.8603944828334305,2.3065488313034623,0.03936724094846906,3,1
1385.0,5.466584463076135,2.4077172200604213,0.009392921667851316,3,1
4708.0,7.658080211119283,2.320142794862799,0.06405364722484666,2,0
233.0,5.351226756490931,2.5434382519311836,0.12340357645022199,3,1
4965.0,5.605837093723161,2.2704525164692724,0.041304443551490676,2,0
727.0,7.587217543747862,3.501900749752143,0.11016666329657478,3,1
3295.0,8.39161783389411,2.2788175415927383,0.04291273871323088,3,1
1683.0,12.192706313610813,3.187544661917921,0.26964622613353834,2,2
1229.0,6.84347931768763,3.0350972888462704,0.022001953831489868,2,1
4278.0,4.774621034426721,2.499990338498416,0.09109869408699992,2,0
3407.0,6.429873328011213,2.369986211229296,0.18532175261480408,2,1
1800.0,6.379200809983328,2.212537119252427,0.07338392558696304,2,1
267.0,7.060396499371754,2.624264731402095,0.061313354976338066,3,0
2463.0,5.577495156584378,2.6797254804647186,0.06717890404384987,2,1
2545.0,6.268129690438494,2.5403400449095748,0.05349411823338553,2,0
1913.0,6.854715020060037,3.7443439804326086,0.07930246508866158,1,1
407.0,6.695342402298005,2.438783195954197,0.03375275416654485,3,0
4873.0,11.196665152477856,4.176592722738913,0.22611989341286207,3,2
3155.0,5.806134155884028,2.369285868412626,0.02478910623186593,2,0
483.0,4.949595950867941,2.388783026273096,0.07270870870731781,0,0
4875.0,4.547952702950905,1.7662938203183138,0.01745854501179087,2,1
4525.0,6.468158284482533,2.5963194780899497,0.029551277614098842,2,0
456.0,6.307998489822817,2.9804873199912985,0.11093693606050642,3,1
4546.0,6.822289909787607,2.2489207816585695,0.01204400593915148,2,1
65.0,8.055070372282906,2.929704220279813,0.016582080871527356,3,0
4504.0,6.330338246074679,2.5893073348357345,0.0646617571138281,2,0
418.0,5.681421603061648,2.108388957527199,0.0855875336872327,3,1
2026.0,5.5998587904816715,2.780162519461573,0.08240417211610061,3,0
4246.0,7.3001108267109425,3.0593027693681423,0.05007271401370789,2,1
1422.0,7.619013171757573,2.4892250588950255,0.12516196614129357,3,1
3023.0,5.528352327064838,2.438152314990363,0.0563583945476374,3,0
3581.0,6.191181472713625,2.2495032357614995,0.07546171086687278,3,1
98.0,5.852867769459702,2.004831089120019,0.10320978415151953,2,1
3240.0,5.942352269998347,1.8742437885977223,0.09047219746184781,2,1
3293.0,5.336531444967436,2.5560843535714635,0.04512055789321437,2,1
2371.0,4.670747176138337,2.6144658273704935,0.07266773621033105,2,1
4523.0,6.258049611255402,2.9123830027918887,0.08105949189545715,2,0
2348.0,6.8988033089446965,3.1452035743345705,0.06716954322901622,2,1
1519.0,6.37845881804183,2.651596002640962,0.12640315772576005,2,0
2269.0,6.569276009034134,2.038947572307349,0.0365778682078249,2,1
3668.0,12.763004130755244,3.7116698770729983,0.3966612142358399,3,2
1477.0,6.771488326692807,2.0034219742787562,0.1019998263486489,2,0
165.0,5.89635864840994,2.1926921997477677,0.04272460670454494,2,0
3238.0,6.8784077827372245,3.5731191386257586,0.026607379077612438,2,1
25.0,7.318708784946853,2.004899370766418,0.10333730985930192,2,0
32.0,6.253452216339682,2.585651442711902,0.05333367891785056,2,0
4410.0,6.649616956802925,1.9603685552711618,0.04846813487153529,2,0
2094.0,6.833498194333295,1.67596893603066,0.14086701721249414,1,0
1179.0,14.424203492241919,4.268582562195727,0.2825159544204816,3,2
474.0,5.7847266491659255,2.371470309653847,0.0674547741509122,2,0
399.0,6.138572311284305,2.7175806889114327,0.12044990150521631,0,0
348.0,12.968195025826871,4.265276183273277,0.36551209593243794,3,2
443.0,14.031717351210457,3.610639088038004,0.2791101724419196,3,2
4029.0,6.3621174363742075,2.698270639314352,0.08746528139870517,2,1
961.0,7.001260155747759,2.732815824176112,0.1056835025579847,0,0
2839.0,7.344125792256774,2.0448348479385237,0.08294329600289312,2,0
1083.0,4.519663710274893,2.583104138006038,0.0683947045056416,0,0
1910.0,6.491986742568917,2.044648612855637,0.040832751657466464,2,0
398.0,7.2916754274732805,3.3505030014827692,0.06643316779554718,2,1
2941.0,6.3478852043240925,2.6613879229383004,0.03906820144069822,3,0
1564.0,5.256094196322429,2.374182348410631,0.01716285350892266,3,1
2747.0,7.806749804345182,3.3363369091024624,0.02756223327543028,2,1
3770.0,6.285444531387599,2.2926857429047645,0.062145082568160495,2,1
4373.0,6.124803913754776,2.6564256280917076,0.07583461279700571,1,0
3563.0,5.059459350083041,2.971092478934338,0.027649113829862872,2,0
3315.0,5.754525540977807,2.898076797314152,0.03419468925000521,2,0
4994.0,8.77565911393443,2.626493849965176,0.036221108077354056,3,0
447.0,7.992531999310959,3.788628807138011,0.03093609980188497,3,1
414.0,6.299979873280907,1.7172802443357396,0.02340764700722462,3,0
3147.0,6.375057692581798,2.79294829238768,0.0487249369955962,3,1
683.0,5.107858043953905,2.7931288314156912,0.09861347350549579,3,1
2591.0,6.829027070824405,2.96526365573738,0.05637815703997908,2,0
4324.0,5.588937358111757,2.939956211082291,0.08400220177077004,3,1
2389.0,5.541324118597692,1.6437316566683322,0.0749303575659518,3,1
2356.0,6.212526806971125,1.9682998426526552,0.03138921424329129,2,0
4632.0,5.9844216256015015,2.447265793765877,0.07952211377781261,3,1
2849.0,5.959711211669942,2.549404313574858,0.022844057615728504,2,1
1908.0,12.592919905611689,4.040953607966266,0.2705028229618421,3,2
2738.0,6.370332274555616,2.124422030075067,0.09366297423145363,3,1
1294.0,5.728099516732114,2.803573438192162,0.0643123335471097,3,0
758.0,5.979486707663258,2.4909093286342596,0.07147780092303826,2,1
96.0,6.801505996407879,2.54478032775818,0.09447613676138604,1,1
638.0,8.280190620966177,1.8297426240636059,0.02447164285160545,3,0
1026.0,7.828416534020597,2.7493828405034604,0.07578088681674217,2,0
1394.0,5.750312669772844,2.5919816618325964,0.08580239699099489,3,1
3825.0,6.499640856887774,2.6853667710842117,0.04809887165605837,2,1
2410.0,6.295826106735472,2.605712344278588,0.05136434145988324,2,0
693.0,6.815487454976771,2.126328307205747,0.028171629492754823,3,1
4648.0,8.699282651251234,2.344366225284584,0.1713125448506991,0,0
276.0,6.006599971599804,2.074752543586267,0.07213607868773907,3,0
3883.0,7.121027548316454,3.695126107533734,0.036563488456728584,3,1
1317.0,5.556831640880791,2.5079186330581877,0.058780162595246134,3,0
3928.0,12.144965863839117,4.21364886991797,0.28299405995274285,2,2
2083.0,5.937919042763473,2.675849835232607,0.09291858460599567,2,0
4219.0,6.729982171303267,2.439646637763644,0.02101580534881859,3,1
2543.0,5.978401928864978,3.054620956660398,0.020289777383002073,3,0
2075.0,5.17754236962024,2.9889123896198293,0.005520746039987847,3,0
3654.0,8.038386819817333,2.754128481924758,0.09047716768394928,0,0
2496.0,6.326722731951599,2.5197312531189926,0.006990111119487069,2,0
2274.0,5.6130854602113756,2.285970135013403,0.03888374262438197,1,0
3870.0,6.249322020198941,2.455944049414374,0.07678609720464086,2,0
1895.0,10.346657415835917,3.7397825737534016,0.20818289868917292,2,2
4081.0,5.585179852459144,2.4721661126778574,0.08207269444405917,3,0
2323.0,5.887275364674904,2.862150657354177,0.01991167102703375,3,0
542.0,7.459154893758603,2.1362664923584957,0.02165968535267559,2,0
3125.0,6.884188698947279,1.7452004450489567,0.02317331913660675,2,1
719.0,11.200941161287364,3.809165228993257,0.3346582611529536,3,2
4884.0,6.964844442486392,2.4099540821075287,0.03992359353194456,3,1
3790.0,13.189594203720477,4.649553285652197,0.21280490367809077,3,2
4757.0,4.758910503380265,2.3183867759961094,0.01765219065368882,2,1
521.0,5.271399015046213,2.59370802209091,0.03825132306318133,3,0
889.0,11.536938182270037,3.48656463326662,0.322451560816911,3,2
2676.0,11.08682937421842,3.452824401962144,0.25422326802001405,3,2
1300.0,5.942553173796622,2.9317205020065495,0.06772154588267261,2,0
2448.0,4.7604599294162195,1.7133183378263153,0.03654880506381147,3,0
663.0,5.4565489104938445,1.8598945835650968,0.021824382550062766,2,1
3317.0,6.001657592420568,2.652017466617285,0.006205613901007506,3,0
4342.0,4.754288882961565,2.128612836775637,0.0809672619787253,1,1
4794.0,5.510792278996168,1.666464737654189,0.015236741709577986,3,1
2255.0,6.8005807141870225,2.8315294941821976,0.10254149487094426,2,0
2588.0,5.271486645062796,1.812684489847014,0.07200120070062084,3,1
2101.0,6.700559651414235,2.468100303792363,0.13915315375986884,1,1
4933.0,6.969643605721835,3.7253205703140146,0.011033369861840833,2,0
4188.0,7.1161917002535455,2.2527433955103446,0.027877099378950384,2,0
2772.0,8.719096173541942,1.987812307494408,0.03681521821997233,2,0
960.0,7.38317182663701,2.4831605817558153,0.08667721628103543,2,0
2060.0,6.407784558845117,2.517143350645313,0.0238426991206336,2,1
900.0,5.5241720480898735,2.1161416429710798,0.04014336317987594,2,1
1973.0,6.8216775010211155,3.0486099448391197,0.11014674058970307,3,0
1644.0,12.045620854527918,3.581456073350664,0.2563830984308688,3,2
3580.0,6.091699530680386,2.602738105312971,0.07333978210227343,2,0
4263.0,5.850464426774483,1.71807540868819,0.03706690100935235,3,0
2082.0,6.652628554245498,2.428234358080545,0.051908987826992485,3,0
629.0,6.660240216111948,2.173614812759242,0.029395984617928778,3,0
4080.0,6.845416052466457,2.185070953521431,0.10448766559330865,3,0
1622.0,4.981060825754402,2.2156361528251085,0.049398040882206055,2,1
1940.0,6.268610028895028,2.7904127580619216,0.0655641224983308,0,1
873.0,6.671464071503704,2.215129233276236,0.01763666051150928,2,0
2339.0,6.071160327494573,2.734010782731276,0.07300540521618328,1,0
842.0,6.053010105382645,2.143618707306945,0.050929057241431146,3,1
4924.0,7.309078882589684,2.167562859376675,0.02178732481392436,2,1
962.0,6.345093823890951,2.9163595757760143,0.12650669246968688,2,0
122.0,8.323642529832929,1.9583737294539896,0.02539012076815066,2,0
3429.0,6.283022508128272,2.054235622763095,0.12912664397040982,1,1
4427.0,5.033556288716449,2.5910644822787963,0.08709913034654901,2,0
235.0,10.712957374934833,3.493895750302124,0.27114859238215544,3,2
2414.0,7.6849205761255694,2.5499940382475357,0.0549552800736901,2,1
1127.0,5.7664959181993485,2.3550997464301293,0.06366161492665433,2,0
1320.0,7.0212800536132445,2.5797460501737595,0.030409766331980947,2,1
4428.0,6.581321017199798,2.2402808930327014,0.004972656385237044,3,1
2367.0,5.118497995939066,2.224777809136719,0.08243330423509984,2,1
2045.0,5.619900242666902,3.5114463127194653,0.03753061264131254,3,1
2659.0,6.710242526599192,2.820713078832133,0.05377907324286212,1,1
2601.0,6.54143134038099,2.6202405885809665,0.01978896704045097,3,1
3330.0,4.829959204667579,2.6314519631449484,0.09028807037049089,2,1
2299.0,6.112312166963532,2.692608527965645,0.0048339976690737144,2,1
3892.0,7.140560207406913,2.6807126870324924,0.04804331033509339,3,0
187.0,5.722733699519787,2.3642933948115576,0.014217616035674506,3,1
4100.0,7.201446670623598,2.108716732287811,0.02010793103979948,3,0
1205.0,8.214085635623842,2.0053696643201815,0.05402001213997846,2,0
1016.0,5.446529601772419,2.581926785532489,0.04093266036985378,2,1
976.0,6.041175121154519,2.8085949410411133,0.11443705583311059,1,0
925.0,6.553458124496271,1.4000101487769894,0.0466174625003488,3,0
4615.0,5.256165158887777,2.9238405225486988,0.04959977168363306,2,1
1265.0,6.821632951115034,2.660274288389372,0.006773007894677508,3,0
3604.0,4.257002660876305,2.2844269812914844,0.07031954467416628,3,1
1199.0,9.182150637732546,3.3073147073054763,0.06417661828329949,3,0
3948.0,6.498203183439819,2.3563589231991573,0.085334511743435,2,0
1856.0,6.0461648935074725,2.774743146135718,0.048590753095125665,2,1
420.0,6.695070664845771,2.3882249027183224,0.04969135943964073,3,1
4587.0,5.395982636778538,3.1183638747147464,0.012144489033841775,2,0
3989.0,7.432356421408045,2.268234887877553,0.06006734474458535,2,0
1566.0,6.084924150043939,3.098212111154672,0.08827881255180926,1,0
1922.0,7.06298463200535,2.20236217962078,0.027148164124449238,2,1
464.0,6.073426958745055,2.3062208637153914,0.02777530340292957,0,1
3895.0,7.205874610135439,2.5861675968640507,0.053800007576529495,2,1
812.0,6.807107817534569,2.158215822632579,0.06425530522857265,3,0
2342.0,5.000704595370902,2.1404513084128993,0.12008852537822302,2,0
331.0,5.966900129564975,2.71515563500283,0.08920130186347436,3,1
2798.0,6.1001199681657905,2.4046656544793623,0.04359881151738005,1,1
1781.0,7.635590794257393,2.4342890108151463,0.06479215000928867,2,0
4944.0,6.449551756947748,2.5850885562793016,0.05638059320203111,3,1
528.0,6.154565466548001,1.5057658132598215,0.08669923042766878,2,0
3009.0,7.065295974707271,2.6890992887882494,0.05778643275358799,2,0
4620.0,8.423141443533938,2.6670809843613172,0.04015362401941671,2,1
190.0,6.600252018739752,2.5767852998389142,0.04252802268021479,2,0
3079.0,10.706927486463675,3.4275533179848705,0.24394568767422867,3,2
88.0,6.39994600128327,2.727134635062208,0.0684015111613376,3,1
2040.0,7.203435199934409,1.3294805199376105,0.013427254848309542,2,1
2716.0,6.497327448413274,2.770568010085623,0.03359884835276332,2,1
4730.0,5.988054926804646,2.503476181703717,0.017709165456476557,3,0
3496.0,5.946808951199431,2.233823370984077,0.036172354096531585,2,1
805.0,7.268853724662251,3.055043092481924,0.06354705001787124,3,0
1575.0,5.930029097648126,2.6756055057792274,0.022012462932727444,2,1
564.0,11.976377635779912,5.0,0.268406489912254,3,2
3960.0,6.146278313873608,2.251197018829208,0.07018396403345743,2,1
1577.0,5.331795319884945,2.361434740681441,0.081418990774855,2,0
335.0,6.961695349415611,2.587992545479901,0.05125834470666308,1,1
218.0,6.587974495791941,3.270883671421816,0.07127840427428853,3,1
3003.0,5.458833907940445,2.5336564510659567,0.10310234196471829,2,0
1805.0,7.194402124105196,2.3494762258794495,0.024010098381274575,2,1
2972.0,5.584427502477925,2.2230347609967183,0.0718892276795099,2,0
4773.0,6.075063316924956,1.687210441861721,0.03786538906326899,3,1
614.0,5.90860887622429,2.1716138288132085,0.14822149726840814,2,0
3534.0,6.396997702722026,2.416653100509594,0.040028122636148834,2,1
4148.0,7.847255958137033,2.3776251542097375,0.020795065086814196,3,0
3546.0,6.248662892565618,2.445224350187676,0.061300684849981364,3,0
4600.0,7.624514296280243,2.4048668973353586,0.020758999879985692,3,1
1195.0,7.374688055558882,2.6209142729402397,0.0739592752476576,2,0
48.0,6.402653958706371,2.0566262217387212,0.02962590712881428,2,1
692.0,7.650859110746266,3.380241793140109,0.06220276153981456,2,0
3039.0,7.041996321229028,2.5248154034958237,0.056997179387436855,2,1
2391.0,6.859231988697313,2.455600096976924,0.10637028695509652,3,1
2759.0,5.865410826860204,2.4245282397801278,0.018308984851776976,3,1
4771.0,4.5992759892818755,2.0444643407775684,0.069942766955822,2,1
2386.0,6.071833883051557,2.25020884620631,0.027169536789319052,2,1
924.0,6.278437240443328,2.5807696307920933,0.087400873736724,2,1
3646.0,12.64626720625094,4.0965763649938,0.2909690556436451,2,2
4097.0,6.852112694742342,2.806906626759963,0.07824078681522885,3,0
4134.0,8.02424714645112,2.6331678184676086,0.0998338311850601,1,0
3888.0,5.989413686743235,2.718122425683833,0.087774730764443,2,0
3251.0,7.31896401078931,2.604905147045373,0.08366095901192909,2,1
3980.0,7.254353278563268,2.591319230262667,0.108217750757231,2,0
4516.0,4.702522837814185,2.070687661614532,0.09448911616956564,2,1
3088.0,6.390768070989513,2.411891902271233,0.07128328549929888,3,1
839.0,6.390007746469409,3.2944764225024423,0.014740223655000403,2,0
384.0,6.615475672696264,2.592140377169373,0.09300193975643072,2,0
1560.0,6.86369017023349,3.736711283847533,0.01835265245411062,0,1
1626.0,5.107828051650324,2.6277317252139993,0.03445419949865933,0,0
1201.0,5.6181974374953025,2.641570472849554,0.04025130606502987,0,1
319.0,5.05370108187682,2.8301386778226174,0.047079320612439864,3,1
2734.0,6.354960304233587,2.6044618537800805,0.07388006324358876,3,1
1899.0,5.1553266716090365,2.4108744809149223,0.11752821138158955,2,0
971.0,7.121971158584038,2.3794646294674435,0.08560021229641902,1,0
2563.0,6.287502587407267,2.5989581598779568,0.06774407930624442,1,0
3246.0,6.030201512930081,2.0128708972225073,0.026865004587752758,1,1
3042.0,11.996657038411097,4.084486453016976,0.22330727703632502,3,2
2057.0,5.534646537997404,2.3873532660248156,0.026719109583491597,2,1
1872.0,6.547185589835712,2.1673029585639183,0.05035707944392507,3,0
197.0,5.145626403424996,2.8618539034633463,0.17244592932882802,3,1
450.0,7.036703050229515,2.406154564970076,0.0029139992913988564,2,1
413.0,7.3648084164316145,3.2040259529164206,0.11271337802945491,3,1
4192.0,5.183336453296009,2.680434708451161,0.03641774356307175,3,1
1655.0,7.302269479894634,2.563647175519202,0.04606050893434659,2,0
4053.0,7.111655523325893,2.7166803705300215,0.033177887107218446,3,0
4560.0,5.371144058830762,2.5430519065319124,0.01981808872491733,1,1
4319.0,8.027419352386914,2.7000680646762776,0.08742392190781594,3,1
3909.0,11.974511170859788,4.596232346521427,0.2219031398836259,2,2
2902.0,6.019762426195316,2.086839406274783,0.0966386865217403,3,0
4935.0,6.715918916574843,2.206770073852125,0.1580389720351978,2,0
1137.0,6.728568353596094,2.8759965943864265,0.03166857589846326,3,1
804.0,6.456804612628395,2.3464781450910923,0.011212850133694741,2,0
1966.0,5.670555614284051,2.073191176482362,0.021504464533620697,3,0
3859.0,6.435599780692183,2.341982339101937,0.05221800129964118,0,1
1438.0,6.055222750104218,3.26302864125476,0.050913015271214015,0,1
1668.0,6.913643168032842,3.133589854959231,0.04057034270326628,3,1
1230.0,5.665540397880811,2.2046684109933663,0.03517718165780555,2,0
1227.0,10.922324107013697,4.1576552515376655,0.225086408523177,3,2
1917.0,12.688931186629075,3.3612927889487514,0.2574246552393171,3,2
1274.0,6.361465494215461,2.6134656768182087,0.09336907656089509,3,1
676.0,8.125226920358966,3.714472246157273,0.05257168107111868,2,1
66.0,6.278167691000429,2.724420210157569,0.05000051451018508,2,1
4891.0,5.399801076836086,3.0743768697064597,0.17493690215790883,3,1
2885.0,6.695284019097703,3.1013560734587196,0.07741537344792003,2,1
1454.0,5.745542764039438,2.7705533986108803,0.03080875015737757,2,1
2952.0,5.618816716060587,2.720131022047956,0.10906118965628823,3,1
1570.0,8.872538194769005,3.004039487560337,0.08178092018786379,0,1
1501.0,7.618382010963253,2.48828420186216,0.09778394962712085,2,0
3716.0,5.79799978117709,2.2982740284379863,0.07861798073164007,3,1
1828.0,5.924559825085274,3.292744542642764,0.05485198208956786,3,1
1168.0,10.31435943182254,3.5081427118350614,0.21409066660643022,3,2
3550.0,7.782036125771362,2.4049763875167534,0.11471054967794887,2,0
2911.0,7.012424545863575,3.44372116862056,0.023895936130449873,2,1
1190.0,5.713380633620159,1.754454046891131,0.115322682411419,1,0
1349.0,6.385620784831803,2.7315133725428034,0.07458055967295132,2,1
2594.0,8.329339080585534,2.793394267650548,0.026304993077856904,3,1
467.0,6.291932456637643,3.3158679851294854,0.06351451885628843,2,0
116.0,6.197575705239591,3.349582495475979,0.056012808238695776,1,1
4964.0,7.1015144987862,2.918911716951429,0.016483435313211742,3,1
2742.0,4.582621863930666,2.2142819754231553,0.020503289818593326,2,0
1419.0,11.108145577512065,3.8394999357589694,0.21777666951080887,3,2
2688.0,5.707277766092069,2.75611922612225,0.05303239355595087,2,1
3938.0,5.73981240689146,2.969989725264696,0.14616337069059882,2,1
4098.0,6.689852362588889,2.780551951694504,0.030190184912336954,3,0
1481.0,7.4875618229112835,2.0354223124222477,0.04013229455788278,3,1
1935.0,4.399851663452201,2.5665544635999145,0.01971860907068595,2,0
73.0,4.908917839537359,2.99438926378619,0.11756554325033441,1,0
3975.0,6.580412104096295,1.8537707222040614,0.02984155318634529,3,1
3638.0,5.226715149133966,2.1848690293038517,0.08708739917789943,3,1
401.0,8.124372940645134,2.743320657174232,0.03718667766479706,2,0
470.0,7.325230021881217,3.1949820130316744,0.0719402262841995,2,1
379.0,6.855389828068498,2.854902567979532,0.04923722286453687,2,0
3174.0,7.063993372687512,2.6480486597529307,0.10760612163444915,3,0
3370.0,6.19876950783729,2.078213151720408,0.016088304333542528,3,0
1370.0,4.978356130026912,2.458786096420986,0.004148379303725118,2,1
2868.0,6.6280700471490634,2.6818675715414257,0.052050004469373405,3,0
1194.0,12.155485617738206,3.8872909557080426,0.28172302509096236,3,2
1706.0,6.89908045820416,3.2527108650309504,0.013914413875009671,2,1
1788.0,5.719432760471076,2.7268124555288766,0.059277246204573246,2,1
2000.0,6.755864964590349,2.5141043191142263,0.07406396493070494,0,0
1722.0,6.060558891439415,2.649895777374032,0.06429428258677974,0,0
2501.0,6.114788382278448,2.140604801052525,0.010788103728071432,2,0
3008.0,4.993718998643688,2.6229167450268336,0.03535295770147038,3,0
4116.0,7.1402262066640425,2.584630062142547,0.0387458927071965,2,1
4816.0,7.145696741947836,3.736017291181955,0.04638049361789314,3,1
4997.0,5.462947613644352,3.1523123773272035,0.017646492626401288,3,1
3134.0,5.446335189142491,1.9619544569180731,0.021050923646186676,3,1
871.0,12.446604441089821,4.084986143502015,0.25097411300776484,3,2
3540.0,6.337631177484063,2.70696253048804,0.011621802426633509,2,1
3166.0,5.53034804536834,1.9764516169916797,0.02835730060535291,2,1
2452.0,8.36433275013318,3.1244283808403925,0.06450905563310542,3,0
2074.0,5.84561569101163,1.9322087601624887,0.02235677912111445,2,0
4584.0,5.022829492943545,2.5577226107607656,0.04014655443562902,0,0
2474.0,6.887445766547779,2.307290504973781,0.03352151711658968,2,1
1778.0,7.953471121280076,2.033718730287099,0.03971508660996246,2,1
2479.0,6.619435784403701,2.3481583329917437,0.0761095815675868,3,1
3318.0,5.907859330419419,3.0267259775388053,0.026869861528057436,2,0
3458.0,5.907174703686593,2.628675314433317,0.0708662771770466,2,1
1276.0,6.86868108814827,2.5806280283341265,0.018175305236187166,2,0
3328.0,13.240251545291377,3.6126971374280945,0.23289708319636712,3,2
3121.0,5.317245081099787,1.8553826518779357,0.09447993311145335,3,1
1273.0,7.3533663244901915,2.850011984712809,0.07033256399911447,1,0
1823.0,6.64880642747653,2.9478959458536753,0.023041897707451266,2,1
3119.0,10.6329014843166,4.020813568336264,0.28536101628009364,3,2
1249.0,5.956365933220225,3.2032328536274868,0.04857537574446832,2,1
2517.0,6.0741486111516005,2.7437674346265974,0.05149019470434858,3,1
4165.0,5.9393742638179114,2.681754476431862,0.03679794304539604,2,1
1500.0,6.071511221009422,3.308270951782345,0.08681201665239281,3,1
4862.0,6.09724065232211,2.2249651810167212,0.09859334926219716,3,0
434.0,5.331337998526664,2.4028898607555416,0.023566580686408725,3,1
2408.0,4.817721238643578,2.6401117128927045,0.04072409765316259,2,0
2836.0,6.656930795577373,3.351898701934081,0.045577592644139325,2,1
