pseudo_cluster,AvgRisk,HighRiskPct
0,0.8668323199865912,0.8591417165668662
1,0.6645123385094208,0.6357832219747587
2,0.8094648634476312,0.8973375931842386
